sample_id,dataset_id,perception_paradigm,image_id,dataset_split,scene_gt_count,task_annotation_count,gt_definition,annotation_completeness,perception_regime,count_error_eligible,paper_result_eligible
img_1,density_v1,density,IMG_1.jpg,test,23,23,complete_person_count_from_density_annotation,complete,LOW,true,true
img_2,density_v1,density,IMG_2.jpg,test,52,52,complete_person_count_from_density_annotation,complete,MEDIUM,true,true
img_2,detection_v1,detection,IMG_2_jpg.rf.3ee11551df09646fd6895290ef5177c4.jpg,test,52,29,complete_person_count_matched_from_density_annotation,partial,MEDIUM,true,true
img_3,density_v1,density,IMG_3.jpg,test,61,61,complete_person_count_from_density_annotation,complete,MEDIUM,true,true
img_3,detection_v1,detection,IMG_3_jpg.rf.5c15bea500bde8fefd4314d5affbf369.jpg,test,61,39,complete_person_count_matched_from_density_annotation,partial,MEDIUM,true,true
img_4,density_v1,density,IMG_4.jpg,test,95,95,complete_person_count_from_density_annotation,complete,MEDIUM,true,true
img_4,detection_v1,detection,IMG_4_jpg.rf.e4cdf45c533ed723587d979254947264.jpg,test,95,60,complete_person_count_matched_from_density_annotation,partial,MEDIUM,true,true
img_5,density_v1,density,IMG_5.jpg,test,82,82,complete_person_count_from_density_annotation,complete,MEDIUM,true,true
img_5,detection_v1,detection,IMG_5_jpg.rf.df66e6fcc7162e31f9e5ebcb637cc72d.jpg,test,82,45,complete_person_count_matched_from_density_annotation,partial,MEDIUM,true,true
img_6,density_v1,density,IMG_6.jpg,test,196,196,complete_person_count_from_density_annotation,complete,MEDIUM,true,true
img_6,detection_v1,detection,IMG_6_jpg.rf.1c5f72a247f356ca93ace7e2c5411794.jpg,test,196,88,complete_person_count_matched_from_density_annotation,partial,MEDIUM,true,true
img_7,density_v1,density,IMG_7.jpg,test,47,47,complete_person_count_from_density_annotation,complete,LOW,true,true
img_7,detection_v1,detection,IMG_7_jpg.rf.8340b985c0da6df28e029867e67e591f.jpg,test,47,31,complete_person_count_matched_from_density_annotation,partial,LOW,true,true
img_8,density_v1,density,IMG_8.jpg,test,62,62,complete_person_count_from_density_annotation,complete,MEDIUM,true,true
img_8,detection_v1,detection,IMG_8_jpg.rf.996ca2d4bf4088c68d9fa4266e350627.jpg,test,62,38,complete_person_count_matched_from_density_annotation,partial,MEDIUM,true,true
img_9,density_v1,density,IMG_9.jpg,test,36,36,complete_person_count_from_density_annotation,complete,LOW,true,true
img_9,detection_v1,detection,IMG_9_jpg.rf.d49a3017078f1d1fd5bfe30234998dc0.jpg,test,36,28,complete_person_count_matched_from_density_annotation,partial,LOW,true,true
img_10,density_v1,density,IMG_10.jpg,test,181,181,complete_person_count_from_density_annotation,complete,MEDIUM,true,true
img_11,density_v1,density,IMG_11.jpg,test,165,165,complete_person_count_from_density_annotation,complete,MEDIUM,true,true
img_11,detection_v1,detection,IMG_11_jpg.rf.5096dd7e405a237bf68cc64559fec2eb.jpg,test,165,48,complete_person_count_matched_from_density_annotation,partial,MEDIUM,true,true
img_12,density_v1,density,IMG_12.jpg,test,514,514,complete_person_count_from_density_annotation,complete,HIGH,true,true
img_12,detection_v1,detection,IMG_12_jpg.rf.151a9f8486c2c528d9bfa5e8e714a651.jpg,test,514,78,complete_person_count_matched_from_density_annotation,partial,HIGH,true,true
img_13,density_v1,density,IMG_13.jpg,test,49,49,complete_person_count_from_density_annotation,complete,LOW,true,true
img_13,detection_v1,detection,IMG_13_jpg.rf.9c04f89cc97f461ae4fd0a5e6e91a58e.jpg,test,49,37,complete_person_count_matched_from_density_annotation,partial,LOW,true,true
img_14,density_v1,density,IMG_14.jpg,test,29,29,complete_person_count_from_density_annotation,complete,LOW,true,true
img_14,detection_v1,detection,IMG_14_jpg.rf.b99d388c7333d7fac333c8923b2fef04.jpg,test,29,14,complete_person_count_matched_from_density_annotation,partial,LOW,true,true
img_15,density_v1,density,IMG_15.jpg,test,57,57,complete_person_count_from_density_annotation,complete,MEDIUM,true,true
img_15,detection_v1,detection,IMG_15_jpg.rf.9830384c901639c4e5385690f1d88194.jpg,test,57,25,complete_person_count_matched_from_density_annotation,partial,MEDIUM,true,true
img_16,density_v1,density,IMG_16.jpg,test,94,94,complete_person_count_from_density_annotation,complete,MEDIUM,true,true
img_16,detection_v1,detection,IMG_16_jpg.rf.f5245b2c1594dfe3901e514253600072.jpg,test,94,56,complete_person_count_matched_from_density_annotation,partial,MEDIUM,true,true
img_17,density_v1,density,IMG_17.jpg,test,71,71,complete_person_count_from_density_annotation,complete,MEDIUM,true,true
img_17,detection_v1,detection,IMG_17_jpg.rf.2c386e4f3d0920f0a7cceda84c2824cc.jpg,test,71,41,complete_person_count_matched_from_density_annotation,partial,MEDIUM,true,true
img_18,density_v1,density,IMG_18.jpg,test,235,235,complete_person_count_from_density_annotation,complete,HIGH,true,true
img_18,detection_v1,detection,IMG_18_jpg.rf.995700479a4123264a42cfb034bca8ad.jpg,test,235,37,complete_person_count_matched_from_density_annotation,partial,HIGH,true,true
img_19,density_v1,density,IMG_19.jpg,test,277,277,complete_person_count_from_density_annotation,complete,HIGH,true,true
img_19,detection_v1,detection,IMG_19_jpg.rf.2650f198f35dd8897f1bcb71e3ccf19b.jpg,test,277,80,complete_person_count_matched_from_density_annotation,partial,HIGH,true,true
img_20,density_v1,density,IMG_20.jpg,test,15,15,complete_person_count_from_density_annotation,complete,LOW,true,true
img_20,detection_v1,detection,IMG_20_jpg.rf.1e7a2232f3e9c7295df04841e66d73f5.jpg,test,15,17,complete_person_count_matched_from_density_annotation,partial,LOW,true,true
img_21,density_v1,density,IMG_21.jpg,test,89,89,complete_person_count_from_density_annotation,complete,MEDIUM,true,true
img_21,detection_v1,detection,IMG_21_jpg.rf.9c6ff3bea77b451da6e98f34ca4cfb60.jpg,test,89,45,complete_person_count_matched_from_density_annotation,partial,MEDIUM,true,true
img_22,density_v1,density,IMG_22.jpg,test,301,301,complete_person_count_from_density_annotation,complete,HIGH,true,true
img_22,detection_v1,detection,IMG_22_jpg.rf.ccdc56acbafa291e4934ad44ebc6167c.jpg,test,301,87,complete_person_count_matched_from_density_annotation,partial,HIGH,true,true
img_23,density_v1,density,IMG_23.jpg,test,240,240,complete_person_count_from_density_annotation,complete,HIGH,true,true
img_23,detection_v1,detection,IMG_23_jpg.rf.a6e2aca70c8af7d65355443c7e972700.jpg,test,240,38,complete_person_count_matched_from_density_annotation,partial,HIGH,true,true
img_24,density_v1,density,IMG_24.jpg,test,79,79,complete_person_count_from_density_annotation,complete,MEDIUM,true,true
img_24,detection_v1,detection,IMG_24_jpg.rf.311758b7bec43ad2cd1858d7cbadd968.jpg,test,79,49,complete_person_count_matched_from_density_annotation,partial,MEDIUM,true,true
img_25,density_v1,density,IMG_25.jpg,test,216,216,complete_person_count_from_density_annotation,complete,HIGH,true,true
img_25,detection_v1,detection,IMG_25_jpg.rf.6d0dc3352bfa5c9c7132f8b5539b3124.jpg,test,216,51,complete_person_count_matched_from_density_annotation,partial,HIGH,true,true
img_26,density_v1,density,IMG_26.jpg,test,38,38,complete_person_count_from_density_annotation,complete,LOW,true,true
img_26,detection_v1,detection,IMG_26_jpg.rf.e6ddcd463e181d9725770c8d9396a264.jpg,test,38,18,complete_person_count_matched_from_density_annotation,partial,LOW,true,true
img_27,density_v1,density,IMG_27.jpg,test,207,207,complete_person_count_from_density_annotation,complete,HIGH,true,true
img_27,detection_v1,detection,IMG_27_jpg.rf.05a07f5fd6febdc748d9635312e5a673.jpg,test,207,84,complete_person_count_matched_from_density_annotation,partial,HIGH,true,true
img_28,density_v1,density,IMG_28.jpg,test,61,61,complete_person_count_from_density_annotation,complete,MEDIUM,true,true
img_28,detection_v1,detection,IMG_28_jpg.rf.aa4d6389d146575e7cec0e39d537dc88.jpg,test,61,36,complete_person_count_matched_from_density_annotation,partial,MEDIUM,true,true
img_29,density_v1,density,IMG_29.jpg,test,92,92,complete_person_count_from_density_annotation,complete,MEDIUM,true,true
img_29,detection_v1,detection,IMG_29_jpg.rf.4ceda1f1443c88d8831778fcd1535398.jpg,test,92,52,complete_person_count_matched_from_density_annotation,partial,MEDIUM,true,true
img_30,density_v1,density,IMG_30.jpg,test,51,51,complete_person_count_from_density_annotation,complete,MEDIUM,true,true
img_30,detection_v1,detection,IMG_30_jpg.rf.f7d0e6645df39edebf0c3922c744cba5.jpg,test,51,29,complete_person_count_matched_from_density_annotation,partial,MEDIUM,true,true
img_31,density_v1,density,IMG_31.jpg,test,176,176,complete_person_count_from_density_annotation,complete,MEDIUM,true,true
img_31,detection_v1,detection,IMG_31_jpg.rf.b7c7ed49926b3b4cf6702989d6d4e679.jpg,test,176,58,complete_person_count_matched_from_density_annotation,partial,MEDIUM,true,true
img_32,density_v1,density,IMG_32.jpg,test,44,44,complete_person_count_from_density_annotation,complete,LOW,true,true
img_32,detection_v1,detection,IMG_32_jpg.rf.0c5408dee3f7c7e63175b7d8f4c993ff.jpg,test,44,40,complete_person_count_matched_from_density_annotation,partial,LOW,true,true
img_33,density_v1,density,IMG_33.jpg,test,196,196,complete_person_count_from_density_annotation,complete,MEDIUM,true,true
img_33,detection_v1,detection,IMG_33_jpg.rf.d8f333087fd410294ce2b9d7f665cd21.jpg,test,196,48,complete_person_count_matched_from_density_annotation,partial,MEDIUM,true,true
img_34,density_v1,density,IMG_34.jpg,test,41,41,complete_person_count_from_density_annotation,complete,LOW,true,true
img_34,detection_v1,detection,IMG_34_jpg.rf.f4185dbb0fe939fe80724a538149c0eb.jpg,test,41,30,complete_person_count_matched_from_density_annotation,partial,LOW,true,true
img_35,density_v1,density,IMG_35.jpg,test,166,166,complete_person_count_from_density_annotation,complete,MEDIUM,true,true
img_35,detection_v1,detection,IMG_35_jpg.rf.215c08c2e41b51cbe1e794566882aa87.jpg,test,166,70,complete_person_count_matched_from_density_annotation,partial,MEDIUM,true,true
img_36,density_v1,density,IMG_36.jpg,test,156,156,complete_person_count_from_density_annotation,complete,MEDIUM,true,true
img_36,detection_v1,detection,IMG_36_jpg.rf.81dc34aa02c66298ca62ded597ce7a1b.jpg,test,156,33,complete_person_count_matched_from_density_annotation,partial,MEDIUM,true,true
img_37,density_v1,density,IMG_37.jpg,test,42,42,complete_person_count_from_density_annotation,complete,LOW,true,true
img_37,detection_v1,detection,IMG_37_jpg.rf.4b1c586ab22ece2b30612cdcc37e1264.jpg,test,42,24,complete_person_count_matched_from_density_annotation,partial,LOW,true,true
img_38,density_v1,density,IMG_38.jpg,test,89,89,complete_person_count_from_density_annotation,complete,MEDIUM,true,true
img_38,detection_v1,detection,IMG_38_jpg.rf.c1f168371302b1ebb2c6172ab033e074.jpg,test,89,40,complete_person_count_matched_from_density_annotation,partial,MEDIUM,true,true
img_39,density_v1,density,IMG_39.jpg,test,48,48,complete_person_count_from_density_annotation,complete,LOW,true,true
img_39,detection_v1,detection,IMG_39_jpg.rf.fe7dee912ce90cef610aee94d61dd297.jpg,test,48,31,complete_person_count_matched_from_density_annotation,partial,LOW,true,true
img_40,density_v1,density,IMG_40.jpg,test,331,331,complete_person_count_from_density_annotation,complete,HIGH,true,true
img_40,detection_v1,detection,IMG_40_jpg.rf.19da5d63fa71500acefabca327595231.jpg,test,331,37,complete_person_count_matched_from_density_annotation,partial,HIGH,true,true
img_41,density_v1,density,IMG_41.jpg,test,32,32,complete_person_count_from_density_annotation,complete,LOW,true,true
img_41,detection_v1,detection,IMG_41_jpg.rf.5a8174814f644b700e501e1334fc2bc9.jpg,test,32,23,complete_person_count_matched_from_density_annotation,partial,LOW,true,true
img_42,density_v1,density,IMG_42.jpg,test,41,41,complete_person_count_from_density_annotation,complete,LOW,true,true
img_42,detection_v1,detection,IMG_42_jpg.rf.25fcb198819b312c90de417bdec8feac.jpg,test,41,34,complete_person_count_matched_from_density_annotation,partial,LOW,true,true
img_43,density_v1,density,IMG_43.jpg,test,106,106,complete_person_count_from_density_annotation,complete,MEDIUM,true,true
img_43,detection_v1,detection,IMG_43_jpg.rf.d7995196c51ee29272443fcc65504fa6.jpg,test,106,58,complete_person_count_matched_from_density_annotation,partial,MEDIUM,true,true
img_44,density_v1,density,IMG_44.jpg,test,28,28,complete_person_count_from_density_annotation,complete,LOW,true,true
img_44,detection_v1,detection,IMG_44_jpg.rf.30058832e5824c6bb6619c81d1190f5d.jpg,test,28,19,complete_person_count_matched_from_density_annotation,partial,LOW,true,true
img_45,density_v1,density,IMG_45.jpg,test,159,159,complete_person_count_from_density_annotation,complete,MEDIUM,true,true
img_45,detection_v1,detection,IMG_45_jpg.rf.785ee3b82cc11cfbdd52b1f41ec172ac.jpg,test,159,55,complete_person_count_matched_from_density_annotation,partial,MEDIUM,true,true
img_46,density_v1,density,IMG_46.jpg,test,90,90,complete_person_count_from_density_annotation,complete,MEDIUM,true,true
img_46,detection_v1,detection,IMG_46_jpg.rf.08859e85b543a520ec3fc0cf7978506f.jpg,test,90,34,complete_person_count_matched_from_density_annotation,partial,MEDIUM,true,true
img_47,density_v1,density,IMG_47.jpg,test,72,72,complete_person_count_from_density_annotation,complete,MEDIUM,true,true
img_47,detection_v1,detection,IMG_47_jpg.rf.c56fb81dfd0dc59b6a6a3388de051562.jpg,test,72,37,complete_person_count_matched_from_density_annotation,partial,MEDIUM,true,true
img_48,density_v1,density,IMG_48.jpg,test,84,84,complete_person_count_from_density_annotation,complete,MEDIUM,true,true
img_48,detection_v1,detection,IMG_48_jpg.rf.f25fde97264ff19d1ff799a2e0d9df4b.jpg,test,84,41,complete_person_count_matched_from_density_annotation,partial,MEDIUM,true,true
img_49,density_v1,density,IMG_49.jpg,test,35,35,complete_person_count_from_density_annotation,complete,LOW,true,true
img_49,detection_v1,detection,IMG_49_jpg.rf.199d7a01d8fdb77fbc61ea10623301b3.jpg,test,35,22,complete_person_count_matched_from_density_annotation,partial,LOW,true,true
img_50,density_v1,density,IMG_50.jpg,test,265,265,complete_person_count_from_density_annotation,complete,HIGH,true,true
img_50,detection_v1,detection,IMG_50_jpg.rf.94c18f46508c11606ce6eb57912e114f.jpg,test,265,66,complete_person_count_matched_from_density_annotation,partial,HIGH,true,true
img_51,density_v1,density,IMG_51.jpg,test,190,190,complete_person_count_from_density_annotation,complete,MEDIUM,true,true
img_51,detection_v1,detection,IMG_51_jpg.rf.958c26d7ab63c2355475f421b658ce19.jpg,test,190,96,complete_person_count_matched_from_density_annotation,partial,MEDIUM,true,true
img_52,density_v1,density,IMG_52.jpg,test,26,26,complete_person_count_from_density_annotation,complete,LOW,true,true
img_52,detection_v1,detection,IMG_52_jpg.rf.9174927cb5486c2ce004bc5688e1f8e7.jpg,test,26,15,complete_person_count_matched_from_density_annotation,partial,LOW,true,true
img_53,density_v1,density,IMG_53.jpg,test,48,48,complete_person_count_from_density_annotation,complete,LOW,true,true
img_53,detection_v1,detection,IMG_53_jpg.rf.adbf97427a6fee0e02f690fe6139f942.jpg,test,48,32,complete_person_count_matched_from_density_annotation,partial,LOW,true,true
img_54,density_v1,density,IMG_54.jpg,test,60,60,complete_person_count_from_density_annotation,complete,MEDIUM,true,true
img_54,detection_v1,detection,IMG_54_jpg.rf.007bf66ddf226087773eb8582d2b2998.jpg,test,60,28,complete_person_count_matched_from_density_annotation,partial,MEDIUM,true,true
img_55,density_v1,density,IMG_55.jpg,test,192,192,complete_person_count_from_density_annotation,complete,MEDIUM,true,true
img_55,detection_v1,detection,IMG_55_jpg.rf.07649902b4157198957452787716bdc1.jpg,test,192,49,complete_person_count_matched_from_density_annotation,partial,MEDIUM,true,true
img_56,density_v1,density,IMG_56.jpg,test,79,79,complete_person_count_from_density_annotation,complete,MEDIUM,true,true
img_56,detection_v1,detection,IMG_56_jpg.rf.c81f8e368883952c111f78d9a71fb7fe.jpg,test,79,24,complete_person_count_matched_from_density_annotation,partial,MEDIUM,true,true
img_57,density_v1,density,IMG_57.jpg,test,79,79,complete_person_count_from_density_annotation,complete,MEDIUM,true,true
img_57,detection_v1,detection,IMG_57_jpg.rf.17016f76cd7161c73a5abeabba9fb626.jpg,test,79,44,complete_person_count_matched_from_density_annotation,partial,MEDIUM,true,true
img_58,density_v1,density,IMG_58.jpg,test,96,96,complete_person_count_from_density_annotation,complete,MEDIUM,true,true
img_58,detection_v1,detection,IMG_58_jpg.rf.998b54a9ea5f985b4cf3f905858a9fa9.jpg,test,96,46,complete_person_count_matched_from_density_annotation,partial,MEDIUM,true,true
img_59,density_v1,density,IMG_59.jpg,test,48,48,complete_person_count_from_density_annotation,complete,LOW,true,true
img_59,detection_v1,detection,IMG_59_jpg.rf.b75a5e3ba57e3c92377e51f4b8758bb5.jpg,test,48,30,complete_person_count_matched_from_density_annotation,partial,LOW,true,true
img_60,density_v1,density,IMG_60.jpg,test,35,35,complete_person_count_from_density_annotation,complete,LOW,true,true
img_60,detection_v1,detection,IMG_60_jpg.rf.6699d115c3123d98e0dc290ff5a2b41e.jpg,test,35,22,complete_person_count_matched_from_density_annotation,partial,LOW,true,true
img_61,density_v1,density,IMG_61.jpg,test,411,411,complete_person_count_from_density_annotation,complete,HIGH,true,true
img_61,detection_v1,detection,IMG_61_jpg.rf.88e7bb162eccef62213a711fa46409a3.jpg,test,411,84,complete_person_count_matched_from_density_annotation,partial,HIGH,true,true
img_62,density_v1,density,IMG_62.jpg,test,175,175,complete_person_count_from_density_annotation,complete,MEDIUM,true,true
img_62,detection_v1,detection,IMG_62_jpg.rf.dfa968dbf068f977cf4850b197396446.jpg,test,175,61,complete_person_count_matched_from_density_annotation,partial,MEDIUM,true,true
img_63,density_v1,density,IMG_63.jpg,test,60,60,complete_person_count_from_density_annotation,complete,MEDIUM,true,true
img_63,detection_v1,detection,IMG_63_jpg.rf.2abaf516c7b0f0deb7ee1b1bd04d6ca4.jpg,test,60,32,complete_person_count_matched_from_density_annotation,partial,MEDIUM,true,true
img_64,density_v1,density,IMG_64.jpg,test,51,51,complete_person_count_from_density_annotation,complete,MEDIUM,true,true
img_64,detection_v1,detection,IMG_64_jpg.rf.e7d4a25da21f02f644b32bce8d8567e2.jpg,test,51,27,complete_person_count_matched_from_density_annotation,partial,MEDIUM,true,true
img_65,density_v1,density,IMG_65.jpg,test,235,235,complete_person_count_from_density_annotation,complete,HIGH,true,true
img_65,detection_v1,detection,IMG_65_jpg.rf.4de6e012ae952d9b22de96a4dd51cfe6.jpg,test,235,60,complete_person_count_matched_from_density_annotation,partial,HIGH,true,true
img_66,density_v1,density,IMG_66.jpg,test,177,177,complete_person_count_from_density_annotation,complete,MEDIUM,true,true
img_66,detection_v1,detection,IMG_66_jpg.rf.a9d193d22a9267015f8b4537a38835e0.jpg,test,177,55,complete_person_count_matched_from_density_annotation,partial,MEDIUM,true,true
img_67,density_v1,density,IMG_67.jpg,test,108,108,complete_person_count_from_density_annotation,complete,MEDIUM,true,true
img_67,detection_v1,detection,IMG_67_jpg.rf.fab6c99e8b9b526c7dd0238e616ff7c2.jpg,test,108,37,complete_person_count_matched_from_density_annotation,partial,MEDIUM,true,true
img_68,density_v1,density,IMG_68.jpg,test,59,59,complete_person_count_from_density_annotation,complete,MEDIUM,true,true
img_68,detection_v1,detection,IMG_68_jpg.rf.91b5b16b0ddbc3312e460d90fc9a6b52.jpg,test,59,35,complete_person_count_matched_from_density_annotation,partial,MEDIUM,true,true
img_69,density_v1,density,IMG_69.jpg,test,95,95,complete_person_count_from_density_annotation,complete,MEDIUM,true,true
img_69,detection_v1,detection,IMG_69_jpg.rf.72b6ba976c5812b70479dd7cf37e4dbc.jpg,test,95,59,complete_person_count_matched_from_density_annotation,partial,MEDIUM,true,true
img_70,density_v1,density,IMG_70.jpg,test,48,48,complete_person_count_from_density_annotation,complete,LOW,true,true
img_70,detection_v1,detection,IMG_70_jpg.rf.2ae23de9fdb385551a62eb21d22e32b8.jpg,test,48,26,complete_person_count_matched_from_density_annotation,partial,LOW,true,true
img_71,density_v1,density,IMG_71.jpg,test,192,192,complete_person_count_from_density_annotation,complete,MEDIUM,true,true
img_71,detection_v1,detection,IMG_71_jpg.rf.84fcbdd314dcdb89c5b8a927abd602c2.jpg,test,192,83,complete_person_count_matched_from_density_annotation,partial,MEDIUM,true,true
img_72,density_v1,density,IMG_72.jpg,test,54,54,complete_person_count_from_density_annotation,complete,MEDIUM,true,true
img_72,detection_v1,detection,IMG_72_jpg.rf.a58e67ec413af1041e4f7b378d035942.jpg,test,54,31,complete_person_count_matched_from_density_annotation,partial,MEDIUM,true,true
img_73,density_v1,density,IMG_73.jpg,test,91,91,complete_person_count_from_density_annotation,complete,MEDIUM,true,true
img_73,detection_v1,detection,IMG_73_jpg.rf.3cbd790ee0f5daa34ed4b75db2fff704.jpg,test,91,63,complete_person_count_matched_from_density_annotation,partial,MEDIUM,true,true
img_74,density_v1,density,IMG_74.jpg,test,261,261,complete_person_count_from_density_annotation,complete,HIGH,true,true
img_74,detection_v1,detection,IMG_74_jpg.rf.9c944cb72053cba34f9a825ba481117f.jpg,test,261,32,complete_person_count_matched_from_density_annotation,partial,HIGH,true,true
img_75,density_v1,density,IMG_75.jpg,test,539,539,complete_person_count_from_density_annotation,complete,HIGH,true,true
img_75,detection_v1,detection,IMG_75_jpg.rf.a669aef45292863c5e36df76d26c0351.jpg,test,539,67,complete_person_count_matched_from_density_annotation,partial,HIGH,true,true
img_76,density_v1,density,IMG_76.jpg,test,123,123,complete_person_count_from_density_annotation,complete,MEDIUM,true,true
img_76,detection_v1,detection,IMG_76_jpg.rf.66cba749c0311ee3e172530abc8c08c6.jpg,test,123,46,complete_person_count_matched_from_density_annotation,partial,MEDIUM,true,true
img_77,density_v1,density,IMG_77.jpg,test,213,213,complete_person_count_from_density_annotation,complete,HIGH,true,true
img_77,detection_v1,detection,IMG_77_jpg.rf.00699838fc5747624651d0da83c93d68.jpg,test,213,44,complete_person_count_matched_from_density_annotation,partial,HIGH,true,true
img_78,density_v1,density,IMG_78.jpg,test,282,282,complete_person_count_from_density_annotation,complete,HIGH,true,true
img_78,detection_v1,detection,IMG_78_jpg.rf.90a6e6f25dc4a959addf60d950dbd810.jpg,test,282,61,complete_person_count_matched_from_density_annotation,partial,HIGH,true,true
img_79,density_v1,density,IMG_79.jpg,test,91,91,complete_person_count_from_density_annotation,complete,MEDIUM,true,true
img_79,detection_v1,detection,IMG_79_jpg.rf.06e5beaa60552cbedfff8b6f42770c9a.jpg,test,91,42,complete_person_count_matched_from_density_annotation,partial,MEDIUM,true,true
img_80,density_v1,density,IMG_80.jpg,test,470,470,complete_person_count_from_density_annotation,complete,HIGH,true,true
img_80,detection_v1,detection,IMG_80_jpg.rf.390fde4edabdddf71fbe003be34435e0.jpg,test,470,79,complete_person_count_matched_from_density_annotation,partial,HIGH,true,true
img_81,density_v1,density,IMG_81.jpg,test,129,129,complete_person_count_from_density_annotation,complete,MEDIUM,true,true
img_81,detection_v1,detection,IMG_81_jpg.rf.2718bd283719ac7ef36252b619e48e99.jpg,test,129,38,complete_person_count_matched_from_density_annotation,partial,MEDIUM,true,true
img_82,density_v1,density,IMG_82.jpg,test,44,44,complete_person_count_from_density_annotation,complete,LOW,true,true
img_82,detection_v1,detection,IMG_82_jpg.rf.d93dbabbf7899ee0a7f4b87c22f6d847.jpg,test,44,31,complete_person_count_matched_from_density_annotation,partial,LOW,true,true
img_83,density_v1,density,IMG_83.jpg,test,57,57,complete_person_count_from_density_annotation,complete,MEDIUM,true,true
img_83,detection_v1,detection,IMG_83_jpg.rf.4090980cc1fddcba071533a73c796536.jpg,test,57,34,complete_person_count_matched_from_density_annotation,partial,MEDIUM,true,true
img_84,density_v1,density,IMG_84.jpg,test,56,56,complete_person_count_from_density_annotation,complete,MEDIUM,true,true
img_84,detection_v1,detection,IMG_84_jpg.rf.97dab8ba89cb62c33a1efa415bdad909.jpg,test,56,39,complete_person_count_matched_from_density_annotation,partial,MEDIUM,true,true
img_85,density_v1,density,IMG_85.jpg,test,60,60,complete_person_count_from_density_annotation,complete,MEDIUM,true,true
img_85,detection_v1,detection,IMG_85_jpg.rf.4bbdf570aa040733d9075959015a1e2a.jpg,test,60,44,complete_person_count_matched_from_density_annotation,partial,MEDIUM,true,true
img_86,density_v1,density,IMG_86.jpg,test,54,54,complete_person_count_from_density_annotation,complete,MEDIUM,true,true
img_86,detection_v1,detection,IMG_86_jpg.rf.5d78c3cce203985d9a31f3022b46a66b.jpg,test,54,33,complete_person_count_matched_from_density_annotation,partial,MEDIUM,true,true
img_87,density_v1,density,IMG_87.jpg,test,54,54,complete_person_count_from_density_annotation,complete,MEDIUM,true,true
img_87,detection_v1,detection,IMG_87_jpg.rf.95f2a78cd162b7d5cbf6e75b4363f06d.jpg,test,54,33,complete_person_count_matched_from_density_annotation,partial,MEDIUM,true,true
img_88,density_v1,density,IMG_88.jpg,test,164,164,complete_person_count_from_density_annotation,complete,MEDIUM,true,true
img_88,detection_v1,detection,IMG_88_jpg.rf.a917e93ef51b021a129d22dc23df4dcb.jpg,test,164,35,complete_person_count_matched_from_density_annotation,partial,MEDIUM,true,true
img_89,density_v1,density,IMG_89.jpg,test,23,23,complete_person_count_from_density_annotation,complete,LOW,true,true
img_89,detection_v1,detection,IMG_89_jpg.rf.cce1a0ecf326f45b7941675e19cd0aa3.jpg,test,23,16,complete_person_count_matched_from_density_annotation,partial,LOW,true,true
img_90,density_v1,density,IMG_90.jpg,test,195,195,complete_person_count_from_density_annotation,complete,MEDIUM,true,true
img_90,detection_v1,detection,IMG_90_jpg.rf.9a50ba6c012d4f61c3be9483701ce1c8.jpg,test,195,61,complete_person_count_matched_from_density_annotation,partial,MEDIUM,true,true
img_91,density_v1,density,IMG_91.jpg,test,92,92,complete_person_count_from_density_annotation,complete,MEDIUM,true,true
img_91,detection_v1,detection,IMG_91_jpg.rf.e8efcb4c0ff27df74714cc6cc9cfc9e0.jpg,test,92,40,complete_person_count_matched_from_density_annotation,partial,MEDIUM,true,true
img_92,density_v1,density,IMG_92.jpg,test,64,64,complete_person_count_from_density_annotation,complete,MEDIUM,true,true
img_92,detection_v1,detection,IMG_92_jpg.rf.ab39a1d12a61ab0618ffded0ffb18bc1.jpg,test,64,37,complete_person_count_matched_from_density_annotation,partial,MEDIUM,true,true
img_93,density_v1,density,IMG_93.jpg,test,217,217,complete_person_count_from_density_annotation,complete,HIGH,true,true
img_93,detection_v1,detection,IMG_93_jpg.rf.0a8225b11ffdb653bc646e00ff9b4cbe.jpg,test,217,70,complete_person_count_matched_from_density_annotation,partial,HIGH,true,true
img_94,density_v1,density,IMG_94.jpg,test,53,53,complete_person_count_from_density_annotation,complete,MEDIUM,true,true
img_94,detection_v1,detection,IMG_94_jpg.rf.7dce055ee40117744b669db1129c414b.jpg,test,53,29,complete_person_count_matched_from_density_annotation,partial,MEDIUM,true,true
img_95,density_v1,density,IMG_95.jpg,test,48,48,complete_person_count_from_density_annotation,complete,LOW,true,true
img_95,detection_v1,detection,IMG_95_jpg.rf.ae2580465b657e8c5b3a9bdc9bc1488b.jpg,test,48,40,complete_person_count_matched_from_density_annotation,partial,LOW,true,true
img_96,density_v1,density,IMG_96.jpg,test,211,211,complete_person_count_from_density_annotation,complete,HIGH,true,true
img_96,detection_v1,detection,IMG_96_jpg.rf.bb143847d318ab893615fbdbf38960d4.jpg,test,211,60,complete_person_count_matched_from_density_annotation,partial,HIGH,true,true
img_97,density_v1,density,IMG_97.jpg,test,107,107,complete_person_count_from_density_annotation,complete,MEDIUM,true,true
img_97,detection_v1,detection,IMG_97_jpg.rf.609262ad9555f7940f1d5ff72e29b890.jpg,test,107,36,complete_person_count_matched_from_density_annotation,partial,MEDIUM,true,true
img_98,density_v1,density,IMG_98.jpg,test,249,249,complete_person_count_from_density_annotation,complete,HIGH,true,true
img_98,detection_v1,detection,IMG_98_jpg.rf.a393726e0c43a69da3af17882bab67f0.jpg,test,249,68,complete_person_count_matched_from_density_annotation,partial,HIGH,true,true
img_99,density_v1,density,IMG_99.jpg,test,113,113,complete_person_count_from_density_annotation,complete,MEDIUM,true,true
img_99,detection_v1,detection,IMG_99_jpg.rf.45a07abb4f0fea796fa5c92e7b5a3477.jpg,test,113,47,complete_person_count_matched_from_density_annotation,partial,MEDIUM,true,true
img_100,density_v1,density,IMG_100.jpg,test,158,158,complete_person_count_from_density_annotation,complete,MEDIUM,true,true
img_101,density_v1,density,IMG_101.jpg,test,37,37,complete_person_count_from_density_annotation,complete,LOW,true,true
img_102,density_v1,density,IMG_102.jpg,test,70,70,complete_person_count_from_density_annotation,complete,MEDIUM,true,true
img_103,density_v1,density,IMG_103.jpg,test,57,57,complete_person_count_from_density_annotation,complete,MEDIUM,true,true
img_104,density_v1,density,IMG_104.jpg,test,44,44,complete_person_count_from_density_annotation,complete,LOW,true,true
img_104,detection_v1,detection,IMG_104_jpg.rf.a6fe9a4106909d1ba54c272e6c3cb08e.jpg,test,44,34,complete_person_count_matched_from_density_annotation,partial,LOW,true,true
img_105,density_v1,density,IMG_105.jpg,test,228,228,complete_person_count_from_density_annotation,complete,HIGH,true,true
img_106,density_v1,density,IMG_106.jpg,test,165,165,complete_person_count_from_density_annotation,complete,MEDIUM,true,true
img_107,density_v1,density,IMG_107.jpg,test,476,476,complete_person_count_from_density_annotation,complete,HIGH,true,true
img_108,density_v1,density,IMG_108.jpg,test,139,139,complete_person_count_from_density_annotation,complete,MEDIUM,true,true
img_108,detection_v1,detection,IMG_108_jpg.rf.72eb78593532911c8afcf1467bb296a8.jpg,test,139,74,complete_person_count_matched_from_density_annotation,partial,MEDIUM,true,true
img_109,density_v1,density,IMG_109.jpg,test,303,303,complete_person_count_from_density_annotation,complete,HIGH,true,true
img_110,density_v1,density,IMG_110.jpg,test,110,110,complete_person_count_from_density_annotation,complete,MEDIUM,true,true
img_110,detection_v1,detection,IMG_110_jpg.rf.1dd1cab60c1ae4c31571ec3936c31286.jpg,test,110,50,complete_person_count_matched_from_density_annotation,partial,MEDIUM,true,true
img_111,density_v1,density,IMG_111.jpg,test,20,20,complete_person_count_from_density_annotation,complete,LOW,true,true
img_112,density_v1,density,IMG_112.jpg,test,131,131,complete_person_count_from_density_annotation,complete,MEDIUM,true,true
img_113,density_v1,density,IMG_113.jpg,test,48,48,complete_person_count_from_density_annotation,complete,LOW,true,true
img_113,detection_v1,detection,IMG_113_jpg.rf.2fd1f05634ff557fd2d83210483c4e48.jpg,test,48,31,complete_person_count_matched_from_density_annotation,partial,LOW,true,true
img_114,density_v1,density,IMG_114.jpg,test,183,183,complete_person_count_from_density_annotation,complete,MEDIUM,true,true
img_115,density_v1,density,IMG_115.jpg,test,101,101,complete_person_count_from_density_annotation,complete,MEDIUM,true,true
img_115,detection_v1,detection,IMG_115_jpg.rf.3dd559492005529c7a5babac6a710f5e.jpg,test,101,32,complete_person_count_matched_from_density_annotation,partial,MEDIUM,true,true
img_116,density_v1,density,IMG_116.jpg,test,203,203,complete_person_count_from_density_annotation,complete,HIGH,true,true
img_117,density_v1,density,IMG_117.jpg,test,40,40,complete_person_count_from_density_annotation,complete,LOW,true,true
img_118,density_v1,density,IMG_118.jpg,test,145,145,complete_person_count_from_density_annotation,complete,MEDIUM,true,true
img_119,density_v1,density,IMG_119.jpg,test,146,146,complete_person_count_from_density_annotation,complete,MEDIUM,true,true
img_119,detection_v1,detection,IMG_119_jpg.rf.c2dcff0e520fdb8e5b917fb28093b066.jpg,test,146,58,complete_person_count_matched_from_density_annotation,partial,MEDIUM,true,true
img_120,density_v1,density,IMG_120.jpg,test,73,73,complete_person_count_from_density_annotation,complete,MEDIUM,true,true
img_121,density_v1,density,IMG_121.jpg,test,176,176,complete_person_count_from_density_annotation,complete,MEDIUM,true,true
img_121,detection_v1,detection,IMG_121_jpg.rf.fd5ea3569bb5e554af8e8622eaabd7c5.jpg,test,176,45,complete_person_count_matched_from_density_annotation,partial,MEDIUM,true,true
img_122,density_v1,density,IMG_122.jpg,test,51,51,complete_person_count_from_density_annotation,complete,MEDIUM,true,true
img_122,detection_v1,detection,IMG_122_jpg.rf.7e272f45ffd235b49f1f5422e0922677.jpg,test,51,27,complete_person_count_matched_from_density_annotation,partial,MEDIUM,true,true
img_123,density_v1,density,IMG_123.jpg,test,54,54,complete_person_count_from_density_annotation,complete,MEDIUM,true,true
img_123,detection_v1,detection,IMG_123_jpg.rf.f8e0074a7702909a5886c602e43886ee.jpg,test,54,27,complete_person_count_matched_from_density_annotation,partial,MEDIUM,true,true
img_124,density_v1,density,IMG_124.jpg,test,67,67,complete_person_count_from_density_annotation,complete,MEDIUM,true,true
img_124,detection_v1,detection,IMG_124_jpg.rf.4aea9268afff958fd44a8e5ef2737d3a.jpg,test,67,39,complete_person_count_matched_from_density_annotation,partial,MEDIUM,true,true
img_125,density_v1,density,IMG_125.jpg,test,73,73,complete_person_count_from_density_annotation,complete,MEDIUM,true,true
img_125,detection_v1,detection,IMG_125_jpg.rf.488c0437a510e5a1570ddb70c1ae16cd.jpg,test,73,41,complete_person_count_matched_from_density_annotation,partial,MEDIUM,true,true
img_126,density_v1,density,IMG_126.jpg,test,57,57,complete_person_count_from_density_annotation,complete,MEDIUM,true,true
img_126,detection_v1,detection,IMG_126_jpg.rf.4d283cc46e4b6518948f278fbda82f3f.jpg,test,57,31,complete_person_count_matched_from_density_annotation,partial,MEDIUM,true,true
img_127,density_v1,density,IMG_127.jpg,test,165,165,complete_person_count_from_density_annotation,complete,MEDIUM,true,true
img_127,detection_v1,detection,IMG_127_jpg.rf.9214ba93824baba77b0cfa777d49d7b0.jpg,test,165,36,complete_person_count_matched_from_density_annotation,partial,MEDIUM,true,true
img_128,density_v1,density,IMG_128.jpg,test,32,32,complete_person_count_from_density_annotation,complete,LOW,true,true
img_129,density_v1,density,IMG_129.jpg,test,150,150,complete_person_count_from_density_annotation,complete,MEDIUM,true,true
img_129,detection_v1,detection,IMG_129_jpg.rf.887edd8b799e380b2f14074e19801280.jpg,test,150,67,complete_person_count_matched_from_density_annotation,partial,MEDIUM,true,true
img_130,density_v1,density,IMG_130.jpg,test,80,80,complete_person_count_from_density_annotation,complete,MEDIUM,true,true
img_130,detection_v1,detection,IMG_130_jpg.rf.8b71b828a1904d8d62df342d82a23a4f.jpg,test,80,58,complete_person_count_matched_from_density_annotation,partial,MEDIUM,true,true
img_131,density_v1,density,IMG_131.jpg,test,115,115,complete_person_count_from_density_annotation,complete,MEDIUM,true,true
img_131,detection_v1,detection,IMG_131_jpg.rf.3cd7d33d5a0755fa1804d2e3a5f3a4a7.jpg,test,115,70,complete_person_count_matched_from_density_annotation,partial,MEDIUM,true,true
img_132,density_v1,density,IMG_132.jpg,test,163,163,complete_person_count_from_density_annotation,complete,MEDIUM,true,true
img_132,detection_v1,detection,IMG_132_jpg.rf.6f2686abc8be7a173433fca4a462c273.jpg,test,163,43,complete_person_count_matched_from_density_annotation,partial,MEDIUM,true,true
img_133,density_v1,density,IMG_133.jpg,test,137,137,complete_person_count_from_density_annotation,complete,MEDIUM,true,true
img_133,detection_v1,detection,IMG_133_jpg.rf.ca2e9dc62bf7dff34aeed79bad061db3.jpg,test,137,55,complete_person_count_matched_from_density_annotation,partial,MEDIUM,true,true
img_134,density_v1,density,IMG_134.jpg,test,120,120,complete_person_count_from_density_annotation,complete,MEDIUM,true,true
img_134,detection_v1,detection,IMG_134_jpg.rf.614aeb7809a7c33101f71fb7ae2a88cc.jpg,test,120,62,complete_person_count_matched_from_density_annotation,partial,MEDIUM,true,true
img_135,density_v1,density,IMG_135.jpg,test,72,72,complete_person_count_from_density_annotation,complete,MEDIUM,true,true
img_135,detection_v1,detection,IMG_135_jpg.rf.2850aa1d3957efe9e58ed803ada77a7e.jpg,test,72,39,complete_person_count_matched_from_density_annotation,partial,MEDIUM,true,true
img_136,density_v1,density,IMG_136.jpg,test,123,123,complete_person_count_from_density_annotation,complete,MEDIUM,true,true
img_136,detection_v1,detection,IMG_136_jpg.rf.a3932a90f7a13a9cce0cadabe42d1275.jpg,test,123,56,complete_person_count_matched_from_density_annotation,partial,MEDIUM,true,true
img_137,density_v1,density,IMG_137.jpg,test,198,198,complete_person_count_from_density_annotation,complete,MEDIUM,true,true
img_137,detection_v1,detection,IMG_137_jpg.rf.ca3bf4efeb68785ddcf5a5fa59296d7a.jpg,test,198,72,complete_person_count_matched_from_density_annotation,partial,MEDIUM,true,true
img_138,density_v1,density,IMG_138.jpg,test,132,132,complete_person_count_from_density_annotation,complete,MEDIUM,true,true
img_138,detection_v1,detection,IMG_138_jpg.rf.9956d619b978e74f6c7d2ba78a4e1c9f.jpg,test,132,56,complete_person_count_matched_from_density_annotation,partial,MEDIUM,true,true
img_139,density_v1,density,IMG_139.jpg,test,147,147,complete_person_count_from_density_annotation,complete,MEDIUM,true,true
img_139,detection_v1,detection,IMG_139_jpg.rf.cac45c7d89d41ac1460eada3de6a02e1.jpg,test,147,55,complete_person_count_matched_from_density_annotation,partial,MEDIUM,true,true
img_140,density_v1,density,IMG_140.jpg,test,72,72,complete_person_count_from_density_annotation,complete,MEDIUM,true,true
img_140,detection_v1,detection,IMG_140_jpg.rf.4688b06baf0b03a8fe7f57ba6ecec0fa.jpg,test,72,30,complete_person_count_matched_from_density_annotation,partial,MEDIUM,true,true
img_141,density_v1,density,IMG_141.jpg,test,35,35,complete_person_count_from_density_annotation,complete,LOW,true,true
img_141,detection_v1,detection,IMG_141_jpg.rf.0f7ce42b8b283931d5edf31b80e2b71b.jpg,test,35,25,complete_person_count_matched_from_density_annotation,partial,LOW,true,true
img_142,density_v1,density,IMG_142.jpg,test,24,24,complete_person_count_from_density_annotation,complete,LOW,true,true
img_142,detection_v1,detection,IMG_142_jpg.rf.f6fcabd517f52208879d8a2e01068394.jpg,test,24,19,complete_person_count_matched_from_density_annotation,partial,LOW,true,true
img_143,density_v1,density,IMG_143.jpg,test,252,252,complete_person_count_from_density_annotation,complete,HIGH,true,true
img_143,detection_v1,detection,IMG_143_jpg.rf.9234a6739fe5256a1294d44b62324063.jpg,test,252,90,complete_person_count_matched_from_density_annotation,partial,HIGH,true,true
img_144,density_v1,density,IMG_144.jpg,test,59,59,complete_person_count_from_density_annotation,complete,MEDIUM,true,true
img_144,detection_v1,detection,IMG_144_jpg.rf.2daab31208aa510f2e52459012c297a0.jpg,test,59,35,complete_person_count_matched_from_density_annotation,partial,MEDIUM,true,true
img_145,density_v1,density,IMG_145.jpg,test,69,69,complete_person_count_from_density_annotation,complete,MEDIUM,true,true
img_145,detection_v1,detection,IMG_145_jpg.rf.101460dbcf5fd81e8c4b4932282f7e72.jpg,test,69,49,complete_person_count_matched_from_density_annotation,partial,MEDIUM,true,true
img_146,density_v1,density,IMG_146.jpg,test,61,61,complete_person_count_from_density_annotation,complete,MEDIUM,true,true
img_146,detection_v1,detection,IMG_146_jpg.rf.816ff1b6f2f5b57b8fbd1b6fc13bd866.jpg,test,61,43,complete_person_count_matched_from_density_annotation,partial,MEDIUM,true,true
img_147,density_v1,density,IMG_147.jpg,test,248,248,complete_person_count_from_density_annotation,complete,HIGH,true,true
img_147,detection_v1,detection,IMG_147_jpg.rf.562dff844380d4dedcb3e30829b7ef5b.jpg,test,248,65,complete_person_count_matched_from_density_annotation,partial,HIGH,true,true
img_148,density_v1,density,IMG_148.jpg,test,252,252,complete_person_count_from_density_annotation,complete,HIGH,true,true
img_148,detection_v1,detection,IMG_148_jpg.rf.6543d6c2bb6b127907328add126fc98d.jpg,test,252,98,complete_person_count_matched_from_density_annotation,partial,HIGH,true,true
img_149,density_v1,density,IMG_149.jpg,test,147,147,complete_person_count_from_density_annotation,complete,MEDIUM,true,true
img_149,detection_v1,detection,IMG_149_jpg.rf.005e0ed8b7af6959a1c7760a9508f124.jpg,test,147,37,complete_person_count_matched_from_density_annotation,partial,MEDIUM,true,true
img_150,density_v1,density,IMG_150.jpg,test,121,121,complete_person_count_from_density_annotation,complete,MEDIUM,true,true
img_150,detection_v1,detection,IMG_150_jpg.rf.338ae27a5512afb63eee23470b8eb634.jpg,test,121,58,complete_person_count_matched_from_density_annotation,partial,MEDIUM,true,true
img_151,density_v1,density,IMG_151.jpg,test,47,47,complete_person_count_from_density_annotation,complete,LOW,true,true
img_151,detection_v1,detection,IMG_151_jpg.rf.0080d8abef6761682e5d37db347d0370.jpg,test,47,31,complete_person_count_matched_from_density_annotation,partial,LOW,true,true
img_152,density_v1,density,IMG_152.jpg,test,505,505,complete_person_count_from_density_annotation,complete,HIGH,true,true
img_152,detection_v1,detection,IMG_152_jpg.rf.f4c544385efb029322b29569641eeb6c.jpg,test,505,82,complete_person_count_matched_from_density_annotation,partial,HIGH,true,true
img_153,density_v1,density,IMG_153.jpg,test,297,297,complete_person_count_from_density_annotation,complete,HIGH,true,true
img_153,detection_v1,detection,IMG_153_jpg.rf.2689024960f014c96b49e9aff2e902a7.jpg,test,297,73,complete_person_count_matched_from_density_annotation,partial,HIGH,true,true
img_154,density_v1,density,IMG_154.jpg,test,467,467,complete_person_count_from_density_annotation,complete,HIGH,true,true
img_154,detection_v1,detection,IMG_154_jpg.rf.e099b8d6eb8d135c57059fcf3beca73f.jpg,test,467,82,complete_person_count_matched_from_density_annotation,partial,HIGH,true,true
img_155,density_v1,density,IMG_155.jpg,test,167,167,complete_person_count_from_density_annotation,complete,MEDIUM,true,true
img_155,detection_v1,detection,IMG_155_jpg.rf.d643cb6b121d36db6d8c11be5d3ac764.jpg,test,167,38,complete_person_count_matched_from_density_annotation,partial,MEDIUM,true,true
img_156,density_v1,density,IMG_156.jpg,test,43,43,complete_person_count_from_density_annotation,complete,LOW,true,true
img_156,detection_v1,detection,IMG_156_jpg.rf.2fafc56121c1ec783da5fe9d56171452.jpg,test,43,28,complete_person_count_matched_from_density_annotation,partial,LOW,true,true
img_157,density_v1,density,IMG_157.jpg,test,46,46,complete_person_count_from_density_annotation,complete,LOW,true,true
img_157,detection_v1,detection,IMG_157_jpg.rf.fb9a4a798857d5d670b5425d1fe98d2c.jpg,test,46,21,complete_person_count_matched_from_density_annotation,partial,LOW,true,true
img_158,density_v1,density,IMG_158.jpg,test,91,91,complete_person_count_from_density_annotation,complete,MEDIUM,true,true
img_158,detection_v1,detection,IMG_158_jpg.rf.34ad18054f8b1ebb9623a2900cd3d282.jpg,test,91,46,complete_person_count_matched_from_density_annotation,partial,MEDIUM,true,true
img_159,density_v1,density,IMG_159.jpg,test,263,263,complete_person_count_from_density_annotation,complete,HIGH,true,true
img_159,detection_v1,detection,IMG_159_jpg.rf.4a28636c3034d216eb135e23ffcdd0c1.jpg,test,263,99,complete_person_count_matched_from_density_annotation,partial,HIGH,true,true
img_160,density_v1,density,IMG_160.jpg,test,118,118,complete_person_count_from_density_annotation,complete,MEDIUM,true,true
img_160,detection_v1,detection,IMG_160_jpg.rf.182b5fe753e51fde8c1f36d62f86bd3a.jpg,test,118,61,complete_person_count_matched_from_density_annotation,partial,MEDIUM,true,true
img_161,density_v1,density,IMG_161.jpg,test,48,48,complete_person_count_from_density_annotation,complete,LOW,true,true
img_161,detection_v1,detection,IMG_161_jpg.rf.28c9ff45aebec543fe73b7631bf81af4.jpg,test,48,34,complete_person_count_matched_from_density_annotation,partial,LOW,true,true
img_162,density_v1,density,IMG_162.jpg,test,54,54,complete_person_count_from_density_annotation,complete,MEDIUM,true,true
img_162,detection_v1,detection,IMG_162_jpg.rf.d128cd104c2a30fe3a4e62a2c429fe57.jpg,test,54,36,complete_person_count_matched_from_density_annotation,partial,MEDIUM,true,true
img_163,density_v1,density,IMG_163.jpg,test,73,73,complete_person_count_from_density_annotation,complete,MEDIUM,true,true
img_163,detection_v1,detection,IMG_163_jpg.rf.6ba85c48c7abb68da52047e8d9b7cb9d.jpg,test,73,41,complete_person_count_matched_from_density_annotation,partial,MEDIUM,true,true
img_164,density_v1,density,IMG_164.jpg,test,123,123,complete_person_count_from_density_annotation,complete,MEDIUM,true,true
img_164,detection_v1,detection,IMG_164_jpg.rf.32db5b5b98622f7c8e393b7139c5db2d.jpg,test,123,51,complete_person_count_matched_from_density_annotation,partial,MEDIUM,true,true
img_165,density_v1,density,IMG_165.jpg,test,60,60,complete_person_count_from_density_annotation,complete,MEDIUM,true,true
img_165,detection_v1,detection,IMG_165_jpg.rf.8a343f143818e7a6d1ada8a454203d58.jpg,test,60,36,complete_person_count_matched_from_density_annotation,partial,MEDIUM,true,true
img_166,density_v1,density,IMG_166.jpg,test,170,170,complete_person_count_from_density_annotation,complete,MEDIUM,true,true
img_166,detection_v1,detection,IMG_166_jpg.rf.1fdd6fd2d53eac63cac60614a7ec325d.jpg,test,170,81,complete_person_count_matched_from_density_annotation,partial,MEDIUM,true,true
img_167,density_v1,density,IMG_167.jpg,test,168,168,complete_person_count_from_density_annotation,complete,MEDIUM,true,true
img_167,detection_v1,detection,IMG_167_jpg.rf.e2721c8dab3e6137e325f17f6bb7de67.jpg,test,168,30,complete_person_count_matched_from_density_annotation,partial,MEDIUM,true,true
img_168,density_v1,density,IMG_168.jpg,test,57,57,complete_person_count_from_density_annotation,complete,MEDIUM,true,true
img_168,detection_v1,detection,IMG_168_jpg.rf.19705cd10ef8889e737a6e75dfdbb5d6.jpg,test,57,33,complete_person_count_matched_from_density_annotation,partial,MEDIUM,true,true
img_169,density_v1,density,IMG_169.jpg,test,127,127,complete_person_count_from_density_annotation,complete,MEDIUM,true,true
img_169,detection_v1,detection,IMG_169_jpg.rf.998feff4bdebc5017cf1131c30243195.jpg,test,127,59,complete_person_count_matched_from_density_annotation,partial,MEDIUM,true,true
img_170,density_v1,density,IMG_170.jpg,test,300,300,complete_person_count_from_density_annotation,complete,HIGH,true,true
img_170,detection_v1,detection,IMG_170_jpg.rf.f45d308befeb52e6779608f00bf4d7d5.jpg,test,300,92,complete_person_count_matched_from_density_annotation,partial,HIGH,true,true
img_171,density_v1,density,IMG_171.jpg,test,15,15,complete_person_count_from_density_annotation,complete,LOW,true,true
img_171,detection_v1,detection,IMG_171_jpg.rf.520cc5194bec8b0450ebaa117b7204e2.jpg,test,15,20,complete_person_count_matched_from_density_annotation,partial,LOW,true,true
img_172,density_v1,density,IMG_172.jpg,test,11,11,complete_person_count_from_density_annotation,complete,LOW,true,true
img_172,detection_v1,detection,IMG_172_jpg.rf.e5fb8a7594e0f861c51d9ef0505ebe4b.jpg,test,11,12,complete_person_count_matched_from_density_annotation,partial,LOW,true,true
img_173,density_v1,density,IMG_173.jpg,test,104,104,complete_person_count_from_density_annotation,complete,MEDIUM,true,true
img_173,detection_v1,detection,IMG_173_jpg.rf.c5f346fc405ee5ec55702382400d1e51.jpg,test,104,31,complete_person_count_matched_from_density_annotation,partial,MEDIUM,true,true
img_174,density_v1,density,IMG_174.jpg,test,143,143,complete_person_count_from_density_annotation,complete,MEDIUM,true,true
img_174,detection_v1,detection,IMG_174_jpg.rf.afc98d16de08c00b6381196d6602ad63.jpg,test,143,54,complete_person_count_matched_from_density_annotation,partial,MEDIUM,true,true
img_175,density_v1,density,IMG_175.jpg,test,45,45,complete_person_count_from_density_annotation,complete,LOW,true,true
img_175,detection_v1,detection,IMG_175_jpg.rf.876ef1bf4d8f838a8207906edf11c2bb.jpg,test,45,38,complete_person_count_matched_from_density_annotation,partial,LOW,true,true
img_176,density_v1,density,IMG_176.jpg,test,229,229,complete_person_count_from_density_annotation,complete,HIGH,true,true
img_176,detection_v1,detection,IMG_176_jpg.rf.571d72bccaa635a744cc9abf15fb99b7.jpg,test,229,74,complete_person_count_matched_from_density_annotation,partial,HIGH,true,true
img_177,density_v1,density,IMG_177.jpg,test,20,20,complete_person_count_from_density_annotation,complete,LOW,true,true
img_177,detection_v1,detection,IMG_177_jpg.rf.ca99f278404ccc0dc0a8049735cd37d9.jpg,test,20,18,complete_person_count_matched_from_density_annotation,partial,LOW,true,true
img_178,density_v1,density,IMG_178.jpg,test,43,43,complete_person_count_from_density_annotation,complete,LOW,true,true
img_178,detection_v1,detection,IMG_178_jpg.rf.e5c295ac5f5cf07a5917fa460f0ccf56.jpg,test,43,22,complete_person_count_matched_from_density_annotation,partial,LOW,true,true
img_179,density_v1,density,IMG_179.jpg,test,79,79,complete_person_count_from_density_annotation,complete,MEDIUM,true,true
img_179,detection_v1,detection,IMG_179_jpg.rf.8b7715a1491cd3c246ec7db3c9820ca8.jpg,test,79,48,complete_person_count_matched_from_density_annotation,partial,MEDIUM,true,true
img_180,density_v1,density,IMG_180.jpg,test,101,101,complete_person_count_from_density_annotation,complete,MEDIUM,true,true
img_180,detection_v1,detection,IMG_180_jpg.rf.59c92761dc071db5ba2ec80fb8f78f04.jpg,test,101,31,complete_person_count_matched_from_density_annotation,partial,MEDIUM,true,true
img_181,density_v1,density,IMG_181.jpg,test,60,60,complete_person_count_from_density_annotation,complete,MEDIUM,true,true
img_181,detection_v1,detection,IMG_181_jpg.rf.b1ca137cd2de3d8d360b361f4d5b5bec.jpg,test,60,28,complete_person_count_matched_from_density_annotation,partial,MEDIUM,true,true
img_182,density_v1,density,IMG_182.jpg,test,253,253,complete_person_count_from_density_annotation,complete,HIGH,true,true
img_182,detection_v1,detection,IMG_182_jpg.rf.6270e3519dbcdd88d676ba1b8c282300.jpg,test,253,74,complete_person_count_matched_from_density_annotation,partial,HIGH,true,true
img_183,density_v1,density,IMG_183.jpg,test,187,187,complete_person_count_from_density_annotation,complete,MEDIUM,true,true
img_183,detection_v1,detection,IMG_183_jpg.rf.dbb7794742a4169e2f77cfdd18647967.jpg,test,187,55,complete_person_count_matched_from_density_annotation,partial,MEDIUM,true,true
img_184,density_v1,density,IMG_184.jpg,test,184,184,complete_person_count_from_density_annotation,complete,MEDIUM,true,true
img_184,detection_v1,detection,IMG_184_jpg.rf.2b976d99ea818d8221893909292ad030.jpg,test,184,71,complete_person_count_matched_from_density_annotation,partial,MEDIUM,true,true
img_185,density_v1,density,IMG_185.jpg,test,106,106,complete_person_count_from_density_annotation,complete,MEDIUM,true,true
img_185,detection_v1,detection,IMG_185_jpg.rf.04cfc472aea6fbd547af4d17f620df8e.jpg,test,106,49,complete_person_count_matched_from_density_annotation,partial,MEDIUM,true,true
img_186,density_v1,density,IMG_186.jpg,test,104,104,complete_person_count_from_density_annotation,complete,MEDIUM,true,true
img_186,detection_v1,detection,IMG_186_jpg.rf.b22736f47b1e708672fa84ced11df935.jpg,test,104,58,complete_person_count_matched_from_density_annotation,partial,MEDIUM,true,true
img_187,density_v1,density,IMG_187.jpg,test,159,159,complete_person_count_from_density_annotation,complete,MEDIUM,true,true
img_187,detection_v1,detection,IMG_187_jpg.rf.0ea5bba127a19aabcbe8c49d868e5640.jpg,test,159,47,complete_person_count_matched_from_density_annotation,partial,MEDIUM,true,true
img_188,density_v1,density,IMG_188.jpg,test,56,56,complete_person_count_from_density_annotation,complete,MEDIUM,true,true
img_188,detection_v1,detection,IMG_188_jpg.rf.01a38bfb26c106c3a5e2ee45f0628d9f.jpg,test,56,35,complete_person_count_matched_from_density_annotation,partial,MEDIUM,true,true
img_189,density_v1,density,IMG_189.jpg,test,40,40,complete_person_count_from_density_annotation,complete,LOW,true,true
img_189,detection_v1,detection,IMG_189_jpg.rf.484682cb107fa7b5cf8c1367a3b13d76.jpg,test,40,26,complete_person_count_matched_from_density_annotation,partial,LOW,true,true
img_190,density_v1,density,IMG_190.jpg,test,90,90,complete_person_count_from_density_annotation,complete,MEDIUM,true,true
img_190,detection_v1,detection,IMG_190_jpg.rf.e2cda853d6bdd6ed90087a0d5216a46a.jpg,test,90,53,complete_person_count_matched_from_density_annotation,partial,MEDIUM,true,true
img_191,density_v1,density,IMG_191.jpg,test,301,301,complete_person_count_from_density_annotation,complete,HIGH,true,true
img_191,detection_v1,detection,IMG_191_jpg.rf.4a6faf8a9d10adbd9c824dab451d5c44.jpg,test,301,32,complete_person_count_matched_from_density_annotation,partial,HIGH,true,true
img_192,density_v1,density,IMG_192.jpg,test,58,58,complete_person_count_from_density_annotation,complete,MEDIUM,true,true
img_192,detection_v1,detection,IMG_192_jpg.rf.822011cec0158c128777d6d1a5514737.jpg,test,58,42,complete_person_count_matched_from_density_annotation,partial,MEDIUM,true,true
img_193,density_v1,density,IMG_193.jpg,test,172,172,complete_person_count_from_density_annotation,complete,MEDIUM,true,true
img_193,detection_v1,detection,IMG_193_jpg.rf.21c4ee53736b20c29d3dd01b0562653b.jpg,test,172,60,complete_person_count_matched_from_density_annotation,partial,MEDIUM,true,true
img_194,density_v1,density,IMG_194.jpg,test,213,213,complete_person_count_from_density_annotation,complete,HIGH,true,true
img_194,detection_v1,detection,IMG_194_jpg.rf.abf5e563bfcdb630607007e452d9976c.jpg,test,213,44,complete_person_count_matched_from_density_annotation,partial,HIGH,true,true
img_195,density_v1,density,IMG_195.jpg,test,61,61,complete_person_count_from_density_annotation,complete,MEDIUM,true,true
img_195,detection_v1,detection,IMG_195_jpg.rf.ac40d22ad7740f2cd86354c52f74628c.jpg,test,61,44,complete_person_count_matched_from_density_annotation,partial,MEDIUM,true,true
img_196,density_v1,density,IMG_196.jpg,test,107,107,complete_person_count_from_density_annotation,complete,MEDIUM,true,true
img_196,detection_v1,detection,IMG_196_jpg.rf.f156ed81644e51737bde44f8df7540f6.jpg,test,107,50,complete_person_count_matched_from_density_annotation,partial,MEDIUM,true,true
img_197,density_v1,density,IMG_197.jpg,test,93,93,complete_person_count_from_density_annotation,complete,MEDIUM,true,true
img_197,detection_v1,detection,IMG_197_jpg.rf.26b25357629b833f1dd327a192d55d99.jpg,test,93,46,complete_person_count_matched_from_density_annotation,partial,MEDIUM,true,true
img_198,density_v1,density,IMG_198.jpg,test,9,9,complete_person_count_from_density_annotation,complete,LOW,true,true
img_198,detection_v1,detection,IMG_198_jpg.rf.19d8a18226214a0ef2bf784a546d4ee8.jpg,test,9,8,complete_person_count_matched_from_density_annotation,partial,LOW,true,true
img_199,density_v1,density,IMG_199.jpg,test,88,88,complete_person_count_from_density_annotation,complete,MEDIUM,true,true
img_199,detection_v1,detection,IMG_199_jpg.rf.04e79f2891703dfab3c09c2d352bd060.jpg,test,88,53,complete_person_count_matched_from_density_annotation,partial,MEDIUM,true,true
img_200,density_v1,density,IMG_200.jpg,test,48,48,complete_person_count_from_density_annotation,complete,LOW,true,true
img_200,detection_v1,detection,IMG_200_jpg.rf.8914e666fba41cf94a9f35c955a94ce0.jpg,test,48,35,complete_person_count_matched_from_density_annotation,partial,LOW,true,true
img_201,density_v1,density,IMG_201.jpg,test,131,131,complete_person_count_from_density_annotation,complete,MEDIUM,true,true
img_201,detection_v1,detection,IMG_201_jpg.rf.3529c475cf4052fd4c9d2c43d353bcc3.jpg,test,131,36,complete_person_count_matched_from_density_annotation,partial,MEDIUM,true,true
img_202,density_v1,density,IMG_202.jpg,test,180,180,complete_person_count_from_density_annotation,complete,MEDIUM,true,true
img_202,detection_v1,detection,IMG_202_jpg.rf.a1fe2533886d7a1f811c463a6cacceb1.jpg,test,180,71,complete_person_count_matched_from_density_annotation,partial,MEDIUM,true,true
img_203,density_v1,density,IMG_203.jpg,test,187,187,complete_person_count_from_density_annotation,complete,MEDIUM,true,true
img_203,detection_v1,detection,IMG_203_jpg.rf.63a2054d3c31dc6b58a147a037b337a6.jpg,test,187,38,complete_person_count_matched_from_density_annotation,partial,MEDIUM,true,true
img_204,density_v1,density,IMG_204.jpg,test,148,148,complete_person_count_from_density_annotation,complete,MEDIUM,true,true
img_204,detection_v1,detection,IMG_204_jpg.rf.c7689f1b54bbf8e7fb3eb21a7ecb8dc5.jpg,test,148,61,complete_person_count_matched_from_density_annotation,partial,MEDIUM,true,true
img_205,density_v1,density,IMG_205.jpg,test,57,57,complete_person_count_from_density_annotation,complete,MEDIUM,true,true
img_205,detection_v1,detection,IMG_205_jpg.rf.e6d91da621f1365972bfe982115eeb2e.jpg,test,57,43,complete_person_count_matched_from_density_annotation,partial,MEDIUM,true,true
img_206,density_v1,density,IMG_206.jpg,test,89,89,complete_person_count_from_density_annotation,complete,MEDIUM,true,true
img_206,detection_v1,detection,IMG_206_jpg.rf.a7dcccc2f65ac489eae5fc0a20563acd.jpg,test,89,65,complete_person_count_matched_from_density_annotation,partial,MEDIUM,true,true
img_207,density_v1,density,IMG_207.jpg,test,106,106,complete_person_count_from_density_annotation,complete,MEDIUM,true,true
img_207,detection_v1,detection,IMG_207_jpg.rf.5c2698d52de454c8c63ff23c0295bba2.jpg,test,106,42,complete_person_count_matched_from_density_annotation,partial,MEDIUM,true,true
img_208,density_v1,density,IMG_208.jpg,test,73,73,complete_person_count_from_density_annotation,complete,MEDIUM,true,true
img_208,detection_v1,detection,IMG_208_jpg.rf.9c84bf6826df748943dfb93378efc0c5.jpg,test,73,25,complete_person_count_matched_from_density_annotation,partial,MEDIUM,true,true
img_209,density_v1,density,IMG_209.jpg,test,149,149,complete_person_count_from_density_annotation,complete,MEDIUM,true,true
img_209,detection_v1,detection,IMG_209_jpg.rf.f57a2b0f0b07e98a982c7ba1bfe6a22f.jpg,test,149,66,complete_person_count_matched_from_density_annotation,partial,MEDIUM,true,true
img_210,density_v1,density,IMG_210.jpg,test,34,34,complete_person_count_from_density_annotation,complete,LOW,true,true
img_210,detection_v1,detection,IMG_210_jpg.rf.4bf0541559f1f5767c12f5e744be92cf.jpg,test,34,21,complete_person_count_matched_from_density_annotation,partial,LOW,true,true
img_211,density_v1,density,IMG_211.jpg,test,51,51,complete_person_count_from_density_annotation,complete,MEDIUM,true,true
img_211,detection_v1,detection,IMG_211_jpg.rf.368c3638c0e856e0ca916fc0af4b6272.jpg,test,51,35,complete_person_count_matched_from_density_annotation,partial,MEDIUM,true,true
img_212,density_v1,density,IMG_212.jpg,test,138,138,complete_person_count_from_density_annotation,complete,MEDIUM,true,true
img_212,detection_v1,detection,IMG_212_jpg.rf.6865d853dbaabc89ca9fa3d3e0794ab2.jpg,test,138,62,complete_person_count_matched_from_density_annotation,partial,MEDIUM,true,true
img_213,density_v1,density,IMG_213.jpg,test,284,284,complete_person_count_from_density_annotation,complete,HIGH,true,true
img_213,detection_v1,detection,IMG_213_jpg.rf.72698fb3b0863d96d1df6a8df43b087e.jpg,test,284,81,complete_person_count_matched_from_density_annotation,partial,HIGH,true,true
img_214,density_v1,density,IMG_214.jpg,test,138,138,complete_person_count_from_density_annotation,complete,MEDIUM,true,true
img_214,detection_v1,detection,IMG_214_jpg.rf.398c9330d9f588b76ab7823ecd2801d9.jpg,test,138,56,complete_person_count_matched_from_density_annotation,partial,MEDIUM,true,true
img_215,density_v1,density,IMG_215.jpg,test,52,52,complete_person_count_from_density_annotation,complete,MEDIUM,true,true
img_215,detection_v1,detection,IMG_215_jpg.rf.945fcb4fb89c7064df4e7b908cc90082.jpg,test,52,33,complete_person_count_matched_from_density_annotation,partial,MEDIUM,true,true
img_216,density_v1,density,IMG_216.jpg,test,161,161,complete_person_count_from_density_annotation,complete,MEDIUM,true,true
img_216,detection_v1,detection,IMG_216_jpg.rf.d91ce2ff47da8e27e53caa4212c5d680.jpg,test,161,58,complete_person_count_matched_from_density_annotation,partial,MEDIUM,true,true
img_217,density_v1,density,IMG_217.jpg,test,109,109,complete_person_count_from_density_annotation,complete,MEDIUM,true,true
img_217,detection_v1,detection,IMG_217_jpg.rf.e41ef55a2c7913884b24708396a120aa.jpg,test,109,44,complete_person_count_matched_from_density_annotation,partial,MEDIUM,true,true
img_218,density_v1,density,IMG_218.jpg,test,73,73,complete_person_count_from_density_annotation,complete,MEDIUM,true,true
img_218,detection_v1,detection,IMG_218_jpg.rf.87a0f6109ca010590c6becb71861e359.jpg,test,73,37,complete_person_count_matched_from_density_annotation,partial,MEDIUM,true,true
img_219,density_v1,density,IMG_219.jpg,test,448,448,complete_person_count_from_density_annotation,complete,HIGH,true,true
img_219,detection_v1,detection,IMG_219_jpg.rf.2a04064ea5d1aac961cd42a7ac07b079.jpg,test,448,50,complete_person_count_matched_from_density_annotation,partial,HIGH,true,true
img_220,density_v1,density,IMG_220.jpg,test,70,70,complete_person_count_from_density_annotation,complete,MEDIUM,true,true
img_220,detection_v1,detection,IMG_220_jpg.rf.6d6289b6bde8774052a001ebb5145b43.jpg,test,70,43,complete_person_count_matched_from_density_annotation,partial,MEDIUM,true,true
img_221,density_v1,density,IMG_221.jpg,test,75,75,complete_person_count_from_density_annotation,complete,MEDIUM,true,true
img_221,detection_v1,detection,IMG_221_jpg.rf.f045712936f97f583cb837e4ec4df116.jpg,test,75,44,complete_person_count_matched_from_density_annotation,partial,MEDIUM,true,true
img_222,density_v1,density,IMG_222.jpg,test,154,154,complete_person_count_from_density_annotation,complete,MEDIUM,true,true
img_222,detection_v1,detection,IMG_222_jpg.rf.e933e68cf3f93c3954cd9353943a0990.jpg,test,154,39,complete_person_count_matched_from_density_annotation,partial,MEDIUM,true,true
img_223,density_v1,density,IMG_223.jpg,test,144,144,complete_person_count_from_density_annotation,complete,MEDIUM,true,true
img_223,detection_v1,detection,IMG_223_jpg.rf.95f875f9e97a96c131eae6daad96c633.jpg,test,144,51,complete_person_count_matched_from_density_annotation,partial,MEDIUM,true,true
img_224,density_v1,density,IMG_224.jpg,test,142,142,complete_person_count_from_density_annotation,complete,MEDIUM,true,true
img_224,detection_v1,detection,IMG_224_jpg.rf.91f9d5ca3e4cb702cc7435f04f594ee2.jpg,test,142,42,complete_person_count_matched_from_density_annotation,partial,MEDIUM,true,true
img_225,density_v1,density,IMG_225.jpg,test,266,266,complete_person_count_from_density_annotation,complete,HIGH,true,true
img_225,detection_v1,detection,IMG_225_jpg.rf.b1826be27e363639853aa8e0c7f60c1f.jpg,test,266,65,complete_person_count_matched_from_density_annotation,partial,HIGH,true,true
img_226,density_v1,density,IMG_226.jpg,test,94,94,complete_person_count_from_density_annotation,complete,MEDIUM,true,true
img_226,detection_v1,detection,IMG_226_jpg.rf.7fc54ef5fc84975c7d3ae8b674871e13.jpg,test,94,46,complete_person_count_matched_from_density_annotation,partial,MEDIUM,true,true
img_227,density_v1,density,IMG_227.jpg,test,96,96,complete_person_count_from_density_annotation,complete,MEDIUM,true,true
img_227,detection_v1,detection,IMG_227_jpg.rf.129aa84844160551ef8250717d8bb51a.jpg,test,96,55,complete_person_count_matched_from_density_annotation,partial,MEDIUM,true,true
img_228,density_v1,density,IMG_228.jpg,test,159,159,complete_person_count_from_density_annotation,complete,MEDIUM,true,true
img_228,detection_v1,detection,IMG_228_jpg.rf.95de6a83f73fcadf2134487d324add41.jpg,test,159,51,complete_person_count_matched_from_density_annotation,partial,MEDIUM,true,true
img_229,density_v1,density,IMG_229.jpg,test,65,65,complete_person_count_from_density_annotation,complete,MEDIUM,true,true
img_229,detection_v1,detection,IMG_229_jpg.rf.4e869b14723c6a750829a7f4d64e7989.jpg,test,65,48,complete_person_count_matched_from_density_annotation,partial,MEDIUM,true,true
img_230,density_v1,density,IMG_230.jpg,test,93,93,complete_person_count_from_density_annotation,complete,MEDIUM,true,true
img_230,detection_v1,detection,IMG_230_jpg.rf.3d88eb574e8cee01942bd7b80cf56f0c.jpg,test,93,48,complete_person_count_matched_from_density_annotation,partial,MEDIUM,true,true
img_231,density_v1,density,IMG_231.jpg,test,79,79,complete_person_count_from_density_annotation,complete,MEDIUM,true,true
img_231,detection_v1,detection,IMG_231_jpg.rf.e824c518c12a7c1434a130544edad326.jpg,test,79,44,complete_person_count_matched_from_density_annotation,partial,MEDIUM,true,true
img_232,density_v1,density,IMG_232.jpg,test,134,134,complete_person_count_from_density_annotation,complete,MEDIUM,true,true
img_232,detection_v1,detection,IMG_232_jpg.rf.c864e9d1ffc5d9b44cd6fdaa94bf1611.jpg,test,134,26,complete_person_count_matched_from_density_annotation,partial,MEDIUM,true,true
img_233,density_v1,density,IMG_233.jpg,test,29,29,complete_person_count_from_density_annotation,complete,LOW,true,true
img_233,detection_v1,detection,IMG_233_jpg.rf.a1b8806331bcd2c3781946c9442058b9.jpg,test,29,19,complete_person_count_matched_from_density_annotation,partial,LOW,true,true
img_234,density_v1,density,IMG_234.jpg,test,212,212,complete_person_count_from_density_annotation,complete,HIGH,true,true
img_234,detection_v1,detection,IMG_234_jpg.rf.9cf3dc79a95263dbd9b8e301dfe2cae4.jpg,test,212,70,complete_person_count_matched_from_density_annotation,partial,HIGH,true,true
img_235,density_v1,density,IMG_235.jpg,test,180,180,complete_person_count_from_density_annotation,complete,MEDIUM,true,true
img_235,detection_v1,detection,IMG_235_jpg.rf.2f33fc143f93016386e0a8b3223b8229.jpg,test,180,69,complete_person_count_matched_from_density_annotation,partial,MEDIUM,true,true
img_236,density_v1,density,IMG_236.jpg,test,196,196,complete_person_count_from_density_annotation,complete,MEDIUM,true,true
img_236,detection_v1,detection,IMG_236_jpg.rf.843b00304229c7316b139fb3978f545c.jpg,test,196,72,complete_person_count_matched_from_density_annotation,partial,MEDIUM,true,true
img_237,density_v1,density,IMG_237.jpg,test,323,323,complete_person_count_from_density_annotation,complete,HIGH,true,true
img_237,detection_v1,detection,IMG_237_jpg.rf.55bc4eeaabac804d5712c696e76f38a4.jpg,test,323,54,complete_person_count_matched_from_density_annotation,partial,HIGH,true,true
img_238,density_v1,density,IMG_238.jpg,test,51,51,complete_person_count_from_density_annotation,complete,MEDIUM,true,true
img_238,detection_v1,detection,IMG_238_jpg.rf.e624342a12a675bba4f7c1d2764a2d0a.jpg,test,51,30,complete_person_count_matched_from_density_annotation,partial,MEDIUM,true,true
img_239,density_v1,density,IMG_239.jpg,test,166,166,complete_person_count_from_density_annotation,complete,MEDIUM,true,true
img_239,detection_v1,detection,IMG_239_jpg.rf.eed564d46e0d37e0a8d893070a312147.jpg,test,166,45,complete_person_count_matched_from_density_annotation,partial,MEDIUM,true,true
img_240,density_v1,density,IMG_240.jpg,test,94,94,complete_person_count_from_density_annotation,complete,MEDIUM,true,true
img_240,detection_v1,detection,IMG_240_jpg.rf.5ab75fe5801ccdc0a46037c6628b99f0.jpg,test,94,36,complete_person_count_matched_from_density_annotation,partial,MEDIUM,true,true
img_241,density_v1,density,IMG_241.jpg,test,89,89,complete_person_count_from_density_annotation,complete,MEDIUM,true,true
img_241,detection_v1,detection,IMG_241_jpg.rf.30ee51d0858990154cca2d067f128dd5.jpg,test,89,39,complete_person_count_matched_from_density_annotation,partial,MEDIUM,true,true
img_242,density_v1,density,IMG_242.jpg,test,177,177,complete_person_count_from_density_annotation,complete,MEDIUM,true,true
img_242,detection_v1,detection,IMG_242_jpg.rf.9051801aa8e8822c6fb41af5984e87f9.jpg,test,177,51,complete_person_count_matched_from_density_annotation,partial,MEDIUM,true,true
img_243,density_v1,density,IMG_243.jpg,test,143,143,complete_person_count_from_density_annotation,complete,MEDIUM,true,true
img_243,detection_v1,detection,IMG_243_jpg.rf.ac22fb0adfa00ae6ffc6e69ef9ce1295.jpg,test,143,47,complete_person_count_matched_from_density_annotation,partial,MEDIUM,true,true
img_244,density_v1,density,IMG_244.jpg,test,105,105,complete_person_count_from_density_annotation,complete,MEDIUM,true,true
img_244,detection_v1,detection,IMG_244_jpg.rf.9e82f38024a04742c80d8d79525ab059.jpg,test,105,42,complete_person_count_matched_from_density_annotation,partial,MEDIUM,true,true
img_245,density_v1,density,IMG_245.jpg,test,85,85,complete_person_count_from_density_annotation,complete,MEDIUM,true,true
img_245,detection_v1,detection,IMG_245_jpg.rf.8222ff06a544af9d319a7a6f737de8ba.jpg,test,85,36,complete_person_count_matched_from_density_annotation,partial,MEDIUM,true,true
img_246,density_v1,density,IMG_246.jpg,test,376,376,complete_person_count_from_density_annotation,complete,HIGH,true,true
img_246,detection_v1,detection,IMG_246_jpg.rf.5d70737b1959ac4908efea37ed3daf3c.jpg,test,376,68,complete_person_count_matched_from_density_annotation,partial,HIGH,true,true
img_247,density_v1,density,IMG_247.jpg,test,104,104,complete_person_count_from_density_annotation,complete,MEDIUM,true,true
img_247,detection_v1,detection,IMG_247_jpg.rf.7bb5dbcaa9c17a83cf767e4895fb627a.jpg,test,104,36,complete_person_count_matched_from_density_annotation,partial,MEDIUM,true,true
img_248,density_v1,density,IMG_248.jpg,test,62,62,complete_person_count_from_density_annotation,complete,MEDIUM,true,true
img_248,detection_v1,detection,IMG_248_jpg.rf.758b14c9ef1eba1791b49478e9926484.jpg,test,62,42,complete_person_count_matched_from_density_annotation,partial,MEDIUM,true,true
img_249,density_v1,density,IMG_249.jpg,test,107,107,complete_person_count_from_density_annotation,complete,MEDIUM,true,true
img_249,detection_v1,detection,IMG_249_jpg.rf.c20385e477bd00632010c2e5beb2cd43.jpg,test,107,56,complete_person_count_matched_from_density_annotation,partial,MEDIUM,true,true
img_250,density_v1,density,IMG_250.jpg,test,24,24,complete_person_count_from_density_annotation,complete,LOW,true,true
img_250,detection_v1,detection,IMG_250_jpg.rf.c6adaac1f28940a2271ed27a5258b89e.jpg,test,24,16,complete_person_count_matched_from_density_annotation,partial,LOW,true,true
img_251,density_v1,density,IMG_251.jpg,test,274,274,complete_person_count_from_density_annotation,complete,HIGH,true,true
img_251,detection_v1,detection,IMG_251_jpg.rf.e47bed6be2154c2c7e0b31fa667350bd.jpg,test,274,63,complete_person_count_matched_from_density_annotation,partial,HIGH,true,true
img_252,density_v1,density,IMG_252.jpg,test,31,31,complete_person_count_from_density_annotation,complete,LOW,true,true
img_252,detection_v1,detection,IMG_252_jpg.rf.0667d2b6318a9c1836faed5170c33625.jpg,test,31,17,complete_person_count_matched_from_density_annotation,partial,LOW,true,true
img_253,density_v1,density,IMG_253.jpg,test,131,131,complete_person_count_from_density_annotation,complete,MEDIUM,true,true
img_253,detection_v1,detection,IMG_253_jpg.rf.0ace07778f2cfbd8f767b04f6c6172d3.jpg,test,131,54,complete_person_count_matched_from_density_annotation,partial,MEDIUM,true,true
img_254,density_v1,density,IMG_254.jpg,test,91,91,complete_person_count_from_density_annotation,complete,MEDIUM,true,true
img_254,detection_v1,detection,IMG_254_jpg.rf.6928ed4d4b73cbbae156a78f9d496c57.jpg,test,91,59,complete_person_count_matched_from_density_annotation,partial,MEDIUM,true,true
img_255,density_v1,density,IMG_255.jpg,test,49,49,complete_person_count_from_density_annotation,complete,LOW,true,true
img_255,detection_v1,detection,IMG_255_jpg.rf.9a94ac3a48e38ecb0852ad89f1df1130.jpg,test,49,30,complete_person_count_matched_from_density_annotation,partial,LOW,true,true
img_256,density_v1,density,IMG_256.jpg,test,194,194,complete_person_count_from_density_annotation,complete,MEDIUM,true,true
img_256,detection_v1,detection,IMG_256_jpg.rf.ef863c22614dd52795b42794b05b7b12.jpg,test,194,64,complete_person_count_matched_from_density_annotation,partial,MEDIUM,true,true
img_257,density_v1,density,IMG_257.jpg,test,132,132,complete_person_count_from_density_annotation,complete,MEDIUM,true,true
img_257,detection_v1,detection,IMG_257_jpg.rf.783dea5e0a41cef534e388ece75a1243.jpg,test,132,47,complete_person_count_matched_from_density_annotation,partial,MEDIUM,true,true
img_258,density_v1,density,IMG_258.jpg,test,55,55,complete_person_count_from_density_annotation,complete,MEDIUM,true,true
img_258,detection_v1,detection,IMG_258_jpg.rf.637555b022e924908603923362f3d593.jpg,test,55,28,complete_person_count_matched_from_density_annotation,partial,MEDIUM,true,true
img_259,density_v1,density,IMG_259.jpg,test,87,87,complete_person_count_from_density_annotation,complete,MEDIUM,true,true
img_259,detection_v1,detection,IMG_259_jpg.rf.944185d531f992e3c246f856b5b960e6.jpg,test,87,47,complete_person_count_matched_from_density_annotation,partial,MEDIUM,true,true
img_260,density_v1,density,IMG_260.jpg,test,54,54,complete_person_count_from_density_annotation,complete,MEDIUM,true,true
img_260,detection_v1,detection,IMG_260_jpg.rf.87784edbf58c211a45a2b40549f70049.jpg,test,54,34,complete_person_count_matched_from_density_annotation,partial,MEDIUM,true,true
img_261,density_v1,density,IMG_261.jpg,test,184,184,complete_person_count_from_density_annotation,complete,MEDIUM,true,true
img_261,detection_v1,detection,IMG_261_jpg.rf.8a59761ad1187ba731a146a4c308ebb5.jpg,test,184,47,complete_person_count_matched_from_density_annotation,partial,MEDIUM,true,true
img_262,density_v1,density,IMG_262.jpg,test,137,137,complete_person_count_from_density_annotation,complete,MEDIUM,true,true
img_262,detection_v1,detection,IMG_262_jpg.rf.f90084efb5d786637108510216b4b11f.jpg,test,137,60,complete_person_count_matched_from_density_annotation,partial,MEDIUM,true,true
img_263,density_v1,density,IMG_263.jpg,test,95,95,complete_person_count_from_density_annotation,complete,MEDIUM,true,true
img_263,detection_v1,detection,IMG_263_jpg.rf.b6ae62a2c417d25bb069cc86e2c66774.jpg,test,95,50,complete_person_count_matched_from_density_annotation,partial,MEDIUM,true,true
img_264,density_v1,density,IMG_264.jpg,test,36,36,complete_person_count_from_density_annotation,complete,LOW,true,true
img_264,detection_v1,detection,IMG_264_jpg.rf.6b0ab9c81116f72e5812ae22fe01bfe4.jpg,test,36,23,complete_person_count_matched_from_density_annotation,partial,LOW,true,true
img_265,density_v1,density,IMG_265.jpg,test,28,28,complete_person_count_from_density_annotation,complete,LOW,true,true
img_265,detection_v1,detection,IMG_265_jpg.rf.32df751192eb4c3b57ca734dca6c1cb9.jpg,test,28,23,complete_person_count_matched_from_density_annotation,partial,LOW,true,true
img_266,density_v1,density,IMG_266.jpg,test,59,59,complete_person_count_from_density_annotation,complete,MEDIUM,true,true
img_266,detection_v1,detection,IMG_266_jpg.rf.41d6fb90ab7d3e17d4a57717ea47de14.jpg,test,59,32,complete_person_count_matched_from_density_annotation,partial,MEDIUM,true,true
img_267,density_v1,density,IMG_267.jpg,test,62,62,complete_person_count_from_density_annotation,complete,MEDIUM,true,true
img_267,detection_v1,detection,IMG_267_jpg.rf.178f73c4a041e84e9b7e9f0c4650908d.jpg,test,62,38,complete_person_count_matched_from_density_annotation,partial,MEDIUM,true,true
img_268,density_v1,density,IMG_268.jpg,test,79,79,complete_person_count_from_density_annotation,complete,MEDIUM,true,true
img_268,detection_v1,detection,IMG_268_jpg.rf.a9a52cbc7e1d04d90f636e2cc8e87866.jpg,test,79,59,complete_person_count_matched_from_density_annotation,partial,MEDIUM,true,true
img_269,density_v1,density,IMG_269.jpg,test,308,308,complete_person_count_from_density_annotation,complete,HIGH,true,true
img_269,detection_v1,detection,IMG_269_jpg.rf.43228b31021bb7e41e976f76c9dcd43d.jpg,test,308,82,complete_person_count_matched_from_density_annotation,partial,HIGH,true,true
img_270,density_v1,density,IMG_270.jpg,test,142,142,complete_person_count_from_density_annotation,complete,MEDIUM,true,true
img_270,detection_v1,detection,IMG_270_jpg.rf.20ee7037438aede73fa1bb1e2e76d588.jpg,test,142,64,complete_person_count_matched_from_density_annotation,partial,MEDIUM,true,true
img_271,density_v1,density,IMG_271.jpg,test,54,54,complete_person_count_from_density_annotation,complete,MEDIUM,true,true
img_271,detection_v1,detection,IMG_271_jpg.rf.58fc1e89c59d83832429cf2037802e6c.jpg,test,54,30,complete_person_count_matched_from_density_annotation,partial,MEDIUM,true,true
img_272,density_v1,density,IMG_272.jpg,test,164,164,complete_person_count_from_density_annotation,complete,MEDIUM,true,true
img_272,detection_v1,detection,IMG_272_jpg.rf.56ae68451e865b22422fab2ef3b2adb6.jpg,test,164,77,complete_person_count_matched_from_density_annotation,partial,MEDIUM,true,true
img_273,density_v1,density,IMG_273.jpg,test,61,61,complete_person_count_from_density_annotation,complete,MEDIUM,true,true
img_273,detection_v1,detection,IMG_273_jpg.rf.90d512f2922dbe77fd44c04f73c74ad2.jpg,test,61,38,complete_person_count_matched_from_density_annotation,partial,MEDIUM,true,true
img_274,density_v1,density,IMG_274.jpg,test,200,200,complete_person_count_from_density_annotation,complete,MEDIUM,true,true
img_274,detection_v1,detection,IMG_274_jpg.rf.6d7947d7f9e8809964c849d5e0076168.jpg,test,200,62,complete_person_count_matched_from_density_annotation,partial,MEDIUM,true,true
img_275,density_v1,density,IMG_275.jpg,test,88,88,complete_person_count_from_density_annotation,complete,MEDIUM,true,true
img_275,detection_v1,detection,IMG_275_jpg.rf.078bd00f1c44b6daee7529a92efafd20.jpg,test,88,48,complete_person_count_matched_from_density_annotation,partial,MEDIUM,true,true
img_276,density_v1,density,IMG_276.jpg,test,38,38,complete_person_count_from_density_annotation,complete,LOW,true,true
img_276,detection_v1,detection,IMG_276_jpg.rf.a0173ccec99daabc3a55c48f2b531537.jpg,test,38,33,complete_person_count_matched_from_density_annotation,partial,LOW,true,true
img_277,density_v1,density,IMG_277.jpg,test,67,67,complete_person_count_from_density_annotation,complete,MEDIUM,true,true
img_277,detection_v1,detection,IMG_277_jpg.rf.504ac5d689b95d0dbd9ec98b74ecc72b.jpg,test,67,37,complete_person_count_matched_from_density_annotation,partial,MEDIUM,true,true
img_278,density_v1,density,IMG_278.jpg,test,57,57,complete_person_count_from_density_annotation,complete,MEDIUM,true,true
img_278,detection_v1,detection,IMG_278_jpg.rf.45caa18eef5db5cad749a4b4e51b692b.jpg,test,57,29,complete_person_count_matched_from_density_annotation,partial,MEDIUM,true,true
img_279,density_v1,density,IMG_279.jpg,test,197,197,complete_person_count_from_density_annotation,complete,MEDIUM,true,true
img_279,detection_v1,detection,IMG_279_jpg.rf.06dca2210ebb3730c351e0952ad3206e.jpg,test,197,44,complete_person_count_matched_from_density_annotation,partial,MEDIUM,true,true
img_280,density_v1,density,IMG_280.jpg,test,88,88,complete_person_count_from_density_annotation,complete,MEDIUM,true,true
img_280,detection_v1,detection,IMG_280_jpg.rf.8084a5e6e016c47ff20fdd2b66bd9a98.jpg,test,88,51,complete_person_count_matched_from_density_annotation,partial,MEDIUM,true,true
img_281,density_v1,density,IMG_281.jpg,test,146,146,complete_person_count_from_density_annotation,complete,MEDIUM,true,true
img_281,detection_v1,detection,IMG_281_jpg.rf.56b3d53e1ecaaf95f804f2550aed704e.jpg,test,146,30,complete_person_count_matched_from_density_annotation,partial,MEDIUM,true,true
img_282,density_v1,density,IMG_282.jpg,test,24,24,complete_person_count_from_density_annotation,complete,LOW,true,true
img_282,detection_v1,detection,IMG_282_jpg.rf.9bca1f338a9738fd8938aee0f965f4d5.jpg,test,24,17,complete_person_count_matched_from_density_annotation,partial,LOW,true,true
img_283,density_v1,density,IMG_283.jpg,test,226,226,complete_person_count_from_density_annotation,complete,HIGH,true,true
img_283,detection_v1,detection,IMG_283_jpg.rf.14140b4e3b8ea847133462335fa2741f.jpg,test,226,62,complete_person_count_matched_from_density_annotation,partial,HIGH,true,true
img_284,density_v1,density,IMG_284.jpg,test,38,38,complete_person_count_from_density_annotation,complete,LOW,true,true
img_284,detection_v1,detection,IMG_284_jpg.rf.1c275b1774169c9d34791b00dac50c4a.jpg,test,38,20,complete_person_count_matched_from_density_annotation,partial,LOW,true,true
img_285,density_v1,density,IMG_285.jpg,test,54,54,complete_person_count_from_density_annotation,complete,MEDIUM,true,true
img_285,detection_v1,detection,IMG_285_jpg.rf.d9f9940fe8c0a2ba66d223261f80bec9.jpg,test,54,41,complete_person_count_matched_from_density_annotation,partial,MEDIUM,true,true
img_286,density_v1,density,IMG_286.jpg,test,68,68,complete_person_count_from_density_annotation,complete,MEDIUM,true,true
img_286,detection_v1,detection,IMG_286_jpg.rf.6c94f761a70c0e7735165e83363e5512.jpg,test,68,31,complete_person_count_matched_from_density_annotation,partial,MEDIUM,true,true
img_287,density_v1,density,IMG_287.jpg,test,89,89,complete_person_count_from_density_annotation,complete,MEDIUM,true,true
img_287,detection_v1,detection,IMG_287_jpg.rf.91eabd1f6d1e9354abf2a5045ea32041.jpg,test,89,43,complete_person_count_matched_from_density_annotation,partial,MEDIUM,true,true
img_288,density_v1,density,IMG_288.jpg,test,20,20,complete_person_count_from_density_annotation,complete,LOW,true,true
img_288,detection_v1,detection,IMG_288_jpg.rf.ed7916c628ccf5f9c252da52525a7b0c.jpg,test,20,14,complete_person_count_matched_from_density_annotation,partial,LOW,true,true
img_289,density_v1,density,IMG_289.jpg,test,45,45,complete_person_count_from_density_annotation,complete,LOW,true,true
img_289,detection_v1,detection,IMG_289_jpg.rf.74545ae7ac56fdb698f82be0e938d89b.jpg,test,45,21,complete_person_count_matched_from_density_annotation,partial,LOW,true,true
img_290,density_v1,density,IMG_290.jpg,test,119,119,complete_person_count_from_density_annotation,complete,MEDIUM,true,true
img_290,detection_v1,detection,IMG_290_jpg.rf.d2e4ed6d59b79e098b8e86c721205aa3.jpg,test,119,47,complete_person_count_matched_from_density_annotation,partial,MEDIUM,true,true
img_291,density_v1,density,IMG_291.jpg,test,177,177,complete_person_count_from_density_annotation,complete,MEDIUM,true,true
img_291,detection_v1,detection,IMG_291_jpg.rf.b4d02e8e8c5e5e49c2b94a82e227c95a.jpg,test,177,59,complete_person_count_matched_from_density_annotation,partial,MEDIUM,true,true
img_292,density_v1,density,IMG_292.jpg,test,93,93,complete_person_count_from_density_annotation,complete,MEDIUM,true,true
img_292,detection_v1,detection,IMG_292_jpg.rf.9abcc02cc20bb369f90b4637b5353d08.jpg,test,93,49,complete_person_count_matched_from_density_annotation,partial,MEDIUM,true,true
img_293,density_v1,density,IMG_293.jpg,test,327,327,complete_person_count_from_density_annotation,complete,HIGH,true,true
img_293,detection_v1,detection,IMG_293_jpg.rf.64e0fa85587e6c36d1ddd2de28793f74.jpg,test,327,95,complete_person_count_matched_from_density_annotation,partial,HIGH,true,true
img_294,density_v1,density,IMG_294.jpg,test,46,46,complete_person_count_from_density_annotation,complete,LOW,true,true
img_294,detection_v1,detection,IMG_294_jpg.rf.ce1b06f2dc8f9bbde9d430cfed759520.jpg,test,46,28,complete_person_count_matched_from_density_annotation,partial,LOW,true,true
img_295,density_v1,density,IMG_295.jpg,test,154,154,complete_person_count_from_density_annotation,complete,MEDIUM,true,true
img_295,detection_v1,detection,IMG_295_jpg.rf.0046d2a13db2f586801d6d03be3df506.jpg,test,154,65,complete_person_count_matched_from_density_annotation,partial,MEDIUM,true,true
img_296,density_v1,density,IMG_296.jpg,test,28,28,complete_person_count_from_density_annotation,complete,LOW,true,true
img_296,detection_v1,detection,IMG_296_jpg.rf.3703205b6d49d1a596f9ac9c2fd6bdb9.jpg,test,28,20,complete_person_count_matched_from_density_annotation,partial,LOW,true,true
img_297,density_v1,density,IMG_297.jpg,test,66,66,complete_person_count_from_density_annotation,complete,MEDIUM,true,true
img_297,detection_v1,detection,IMG_297_jpg.rf.a19cc5deaa056123058a450bf8079c6a.jpg,test,66,37,complete_person_count_matched_from_density_annotation,partial,MEDIUM,true,true
img_298,density_v1,density,IMG_298.jpg,test,207,207,complete_person_count_from_density_annotation,complete,HIGH,true,true
img_298,detection_v1,detection,IMG_298_jpg.rf.0562a74d744d447aa29153e2a7b37e76.jpg,test,207,49,complete_person_count_matched_from_density_annotation,partial,HIGH,true,true
img_299,density_v1,density,IMG_299.jpg,test,98,98,complete_person_count_from_density_annotation,complete,MEDIUM,true,true
img_299,detection_v1,detection,IMG_299_jpg.rf.75ceba5e051018cf318587a8288bb5d2.jpg,test,98,52,complete_person_count_matched_from_density_annotation,partial,MEDIUM,true,true
img_300,density_v1,density,IMG_300.jpg,test,196,196,complete_person_count_from_density_annotation,complete,MEDIUM,true,true
img_300,detection_v1,detection,IMG_300_jpg.rf.1aea8d81b051e995f18c54acc7e5c8eb.jpg,test,196,76,complete_person_count_matched_from_density_annotation,partial,MEDIUM,true,true
img_301,density_v1,density,IMG_301.jpg,test,33,33,complete_person_count_from_density_annotation,complete,LOW,true,true
img_301,detection_v1,detection,IMG_301_jpg.rf.b5ca4305c001adb729f1d44a6b22ae31.jpg,test,33,25,complete_person_count_matched_from_density_annotation,partial,LOW,true,true
img_302,density_v1,density,IMG_302.jpg,test,79,79,complete_person_count_from_density_annotation,complete,MEDIUM,true,true
img_302,detection_v1,detection,IMG_302_jpg.rf.dd8d039bea7b82cd574bbba6fae75294.jpg,test,79,30,complete_person_count_matched_from_density_annotation,partial,MEDIUM,true,true
img_303,density_v1,density,IMG_303.jpg,test,68,68,complete_person_count_from_density_annotation,complete,MEDIUM,true,true
img_303,detection_v1,detection,IMG_303_jpg.rf.27d7a022738121a0a3bd3ed5df8cdbed.jpg,test,68,41,complete_person_count_matched_from_density_annotation,partial,MEDIUM,true,true
img_304,density_v1,density,IMG_304.jpg,test,177,177,complete_person_count_from_density_annotation,complete,MEDIUM,true,true
img_304,detection_v1,detection,IMG_304_jpg.rf.8cd3d2bc1d907a2f275746c3eea8db74.jpg,test,177,54,complete_person_count_matched_from_density_annotation,partial,MEDIUM,true,true
img_305,density_v1,density,IMG_305.jpg,test,110,110,complete_person_count_from_density_annotation,complete,MEDIUM,true,true
img_305,detection_v1,detection,IMG_305_jpg.rf.8715fea8d6e8ca906b111d4d94363ea3.jpg,test,110,35,complete_person_count_matched_from_density_annotation,partial,MEDIUM,true,true
img_306,density_v1,density,IMG_306.jpg,test,230,230,complete_person_count_from_density_annotation,complete,HIGH,true,true
img_306,detection_v1,detection,IMG_306_jpg.rf.1409d47f572cd97def44f9939304a258.jpg,test,230,70,complete_person_count_matched_from_density_annotation,partial,HIGH,true,true
img_307,density_v1,density,IMG_307.jpg,test,200,200,complete_person_count_from_density_annotation,complete,MEDIUM,true,true
img_307,detection_v1,detection,IMG_307_jpg.rf.49496e605bb627b7de09d9d39f1dcb32.jpg,test,200,53,complete_person_count_matched_from_density_annotation,partial,MEDIUM,true,true
img_308,density_v1,density,IMG_308.jpg,test,47,47,complete_person_count_from_density_annotation,complete,LOW,true,true
img_308,detection_v1,detection,IMG_308_jpg.rf.03c62e3200b5761605c0e1ba191976b7.jpg,test,47,35,complete_person_count_matched_from_density_annotation,partial,LOW,true,true
img_309,density_v1,density,IMG_309.jpg,test,63,63,complete_person_count_from_density_annotation,complete,MEDIUM,true,true
img_309,detection_v1,detection,IMG_309_jpg.rf.d5ec582979042c0e10e9d4489d716e8f.jpg,test,63,27,complete_person_count_matched_from_density_annotation,partial,MEDIUM,true,true
img_310,density_v1,density,IMG_310.jpg,test,94,94,complete_person_count_from_density_annotation,complete,MEDIUM,true,true
img_310,detection_v1,detection,IMG_310_jpg.rf.4024895c3bf9dc109d319bb7661e65ad.jpg,test,94,34,complete_person_count_matched_from_density_annotation,partial,MEDIUM,true,true
img_311,density_v1,density,IMG_311.jpg,test,60,60,complete_person_count_from_density_annotation,complete,MEDIUM,true,true
img_311,detection_v1,detection,IMG_311_jpg.rf.a27f2263dca60c991dfa5c693043830a.jpg,test,60,35,complete_person_count_matched_from_density_annotation,partial,MEDIUM,true,true
img_312,density_v1,density,IMG_312.jpg,test,54,54,complete_person_count_from_density_annotation,complete,MEDIUM,true,true
img_312,detection_v1,detection,IMG_312_jpg.rf.5c5bc91bee6c52402d0e8084f7b32a99.jpg,test,54,32,complete_person_count_matched_from_density_annotation,partial,MEDIUM,true,true
img_313,density_v1,density,IMG_313.jpg,test,29,29,complete_person_count_from_density_annotation,complete,LOW,true,true
img_313,detection_v1,detection,IMG_313_jpg.rf.3edaad00888b0e14ce0bd839f32d5459.jpg,test,29,19,complete_person_count_matched_from_density_annotation,partial,LOW,true,true
img_314,density_v1,density,IMG_314.jpg,test,50,50,complete_person_count_from_density_annotation,complete,LOW,true,true
img_314,detection_v1,detection,IMG_314_jpg.rf.b90b7f816b5dd9d31a4b601bf6e3c1b8.jpg,test,50,41,complete_person_count_matched_from_density_annotation,partial,LOW,true,true
img_315,density_v1,density,IMG_315.jpg,test,54,54,complete_person_count_from_density_annotation,complete,MEDIUM,true,true
img_315,detection_v1,detection,IMG_315_jpg.rf.c17341ea3a6251ffc936bd0e6282498c.jpg,test,54,20,complete_person_count_matched_from_density_annotation,partial,MEDIUM,true,true
img_316,density_v1,density,IMG_316.jpg,test,429,429,complete_person_count_from_density_annotation,complete,HIGH,true,true
img_316,detection_v1,detection,IMG_316_jpg.rf.e2a2c33fb364080449936644144074c7.jpg,test,429,98,complete_person_count_matched_from_density_annotation,partial,HIGH,true,true
