sample_id,dataset_id,perception_model_id,benchmark_pred,inference_time_ms,prediction_status
img_1,density_v1,csrnet_den_v1,19.093004,392.809,success
img_2,density_v1,csrnet_den_v1,55.033440,348.748,success
img_3,density_v1,csrnet_den_v1,62.119717,352.566,success
img_4,density_v1,csrnet_den_v1,92.302673,339.205,success
img_5,density_v1,csrnet_den_v1,72.996933,336.591,success
img_6,density_v1,csrnet_den_v1,214.328308,327.841,success
img_7,density_v1,csrnet_den_v1,31.766718,367.102,success
img_8,density_v1,csrnet_den_v1,42.360344,345.372,success
img_9,density_v1,csrnet_den_v1,41.434517,344.344,success
img_10,density_v1,csrnet_den_v1,148.291718,357.824,success
img_11,density_v1,csrnet_den_v1,166.091339,349.358,success
img_12,density_v1,csrnet_den_v1,335.237366,357.063,success
img_13,density_v1,csrnet_den_v1,33.116627,324.884,success
img_14,density_v1,csrnet_den_v1,27.611521,355.386,success
img_15,density_v1,csrnet_den_v1,27.831676,318.300,success
img_16,density_v1,csrnet_den_v1,102.514175,346.673,success
img_17,density_v1,csrnet_den_v1,66.742462,342.891,success
img_18,density_v1,csrnet_den_v1,181.530243,321.428,success
img_19,density_v1,csrnet_den_v1,274.063629,341.776,success
img_20,density_v1,csrnet_den_v1,15.477642,374.854,success
img_21,density_v1,csrnet_den_v1,67.039894,349.877,success
img_22,density_v1,csrnet_den_v1,237.248932,357.174,success
img_23,density_v1,csrnet_den_v1,151.002899,344.242,success
img_24,density_v1,csrnet_den_v1,85.780823,339.476,success
img_25,density_v1,csrnet_den_v1,160.967529,331.084,success
img_26,density_v1,csrnet_den_v1,36.717407,315.887,success
img_27,density_v1,csrnet_den_v1,234.948593,355.649,success
img_28,density_v1,csrnet_den_v1,52.656559,410.332,success
img_29,density_v1,csrnet_den_v1,97.717407,386.853,success
img_30,density_v1,csrnet_den_v1,43.354969,344.632,success
img_31,density_v1,csrnet_den_v1,162.218979,333.286,success
img_32,density_v1,csrnet_den_v1,34.245865,322.181,success
img_33,density_v1,csrnet_den_v1,153.642044,360.436,success
img_34,density_v1,csrnet_den_v1,48.931770,330.267,success
img_35,density_v1,csrnet_den_v1,151.914642,330.993,success
img_36,density_v1,csrnet_den_v1,144.709259,331.641,success
img_37,density_v1,csrnet_den_v1,36.597015,319.143,success
img_38,density_v1,csrnet_den_v1,71.910576,308.994,success
img_39,density_v1,csrnet_den_v1,39.831753,325.945,success
img_40,density_v1,csrnet_den_v1,141.827133,351.325,success
img_41,density_v1,csrnet_den_v1,25.647266,347.401,success
img_42,density_v1,csrnet_den_v1,37.872807,332.313,success
img_43,density_v1,csrnet_den_v1,93.573280,334.000,success
img_44,density_v1,csrnet_den_v1,31.636272,339.536,success
img_45,density_v1,csrnet_den_v1,146.565735,309.294,success
img_46,density_v1,csrnet_den_v1,72.951302,361.420,success
img_47,density_v1,csrnet_den_v1,67.775948,324.463,success
img_48,density_v1,csrnet_den_v1,92.815605,367.926,success
img_49,density_v1,csrnet_den_v1,31.761795,347.154,success
img_50,density_v1,csrnet_den_v1,229.228561,314.431,success
img_51,density_v1,csrnet_den_v1,173.628403,311.601,success
img_52,density_v1,csrnet_den_v1,20.603796,324.391,success
img_53,density_v1,csrnet_den_v1,33.558441,336.230,success
img_54,density_v1,csrnet_den_v1,43.436920,340.514,success
img_55,density_v1,csrnet_den_v1,184.564011,332.830,success
img_56,density_v1,csrnet_den_v1,53.797531,343.570,success
img_57,density_v1,csrnet_den_v1,70.516472,307.091,success
img_58,density_v1,csrnet_den_v1,89.730537,364.189,success
img_59,density_v1,csrnet_den_v1,39.996586,350.663,success
img_60,density_v1,csrnet_den_v1,23.211424,367.672,success
img_61,density_v1,csrnet_den_v1,360.013702,355.112,success
img_62,density_v1,csrnet_den_v1,154.404327,330.879,success
img_63,density_v1,csrnet_den_v1,48.508068,327.354,success
img_64,density_v1,csrnet_den_v1,49.047195,339.608,success
img_65,density_v1,csrnet_den_v1,223.706680,356.354,success
img_66,density_v1,csrnet_den_v1,137.913528,336.966,success
img_67,density_v1,csrnet_den_v1,70.038040,311.843,success
img_68,density_v1,csrnet_den_v1,46.996193,309.462,success
img_69,density_v1,csrnet_den_v1,94.785934,336.513,success
img_70,density_v1,csrnet_den_v1,33.504623,336.611,success
img_71,density_v1,csrnet_den_v1,175.336212,333.339,success
img_72,density_v1,csrnet_den_v1,54.163250,352.284,success
img_73,density_v1,csrnet_den_v1,78.255127,320.573,success
img_74,density_v1,csrnet_den_v1,124.901802,306.161,success
img_75,density_v1,csrnet_den_v1,248.626236,350.289,success
img_76,density_v1,csrnet_den_v1,62.554737,343.928,success
img_77,density_v1,csrnet_den_v1,156.091019,345.653,success
img_78,density_v1,csrnet_den_v1,184.345154,358.782,success
img_79,density_v1,csrnet_den_v1,94.021263,333.403,success
img_80,density_v1,csrnet_den_v1,263.132599,355.846,success
img_81,density_v1,csrnet_den_v1,86.212822,353.712,success
img_82,density_v1,csrnet_den_v1,46.393623,289.314,success
img_83,density_v1,csrnet_den_v1,55.663612,343.898,success
img_84,density_v1,csrnet_den_v1,50.794384,338.542,success
img_85,density_v1,csrnet_den_v1,60.793808,340.137,success
img_86,density_v1,csrnet_den_v1,50.198818,322.408,success
img_87,density_v1,csrnet_den_v1,50.597889,341.016,success
img_88,density_v1,csrnet_den_v1,91.834000,339.167,success
img_89,density_v1,csrnet_den_v1,20.251804,330.880,success
img_90,density_v1,csrnet_den_v1,141.101761,343.754,success
img_91,density_v1,csrnet_den_v1,75.357086,318.326,success
img_92,density_v1,csrnet_den_v1,60.629101,349.174,success
img_93,density_v1,csrnet_den_v1,199.898727,340.225,success
img_94,density_v1,csrnet_den_v1,41.655788,356.101,success
img_95,density_v1,csrnet_den_v1,45.776093,291.219,success
img_96,density_v1,csrnet_den_v1,155.925003,331.899,success
img_97,density_v1,csrnet_den_v1,102.843552,341.108,success
img_98,density_v1,csrnet_den_v1,228.292419,342.655,success
img_99,density_v1,csrnet_den_v1,83.423065,318.665,success
img_100,density_v1,csrnet_den_v1,108.350189,353.972,success
img_101,density_v1,csrnet_den_v1,28.817747,326.920,success
img_102,density_v1,csrnet_den_v1,66.122665,322.445,success
img_103,density_v1,csrnet_den_v1,51.957329,339.022,success
img_104,density_v1,csrnet_den_v1,39.100189,333.816,success
img_105,density_v1,csrnet_den_v1,199.092590,356.821,success
img_106,density_v1,csrnet_den_v1,184.635300,341.372,success
img_107,density_v1,csrnet_den_v1,435.625671,336.009,success
img_108,density_v1,csrnet_den_v1,142.122040,360.098,success
img_109,density_v1,csrnet_den_v1,148.722427,373.522,success
img_110,density_v1,csrnet_den_v1,110.633690,304.854,success
img_111,density_v1,csrnet_den_v1,28.021692,364.052,success
img_112,density_v1,csrnet_den_v1,143.528229,357.529,success
img_113,density_v1,csrnet_den_v1,45.734901,325.289,success
img_114,density_v1,csrnet_den_v1,196.247452,354.978,success
img_115,density_v1,csrnet_den_v1,47.132698,335.575,success
img_116,density_v1,csrnet_den_v1,176.999054,332.413,success
img_117,density_v1,csrnet_den_v1,35.267063,321.276,success
img_118,density_v1,csrnet_den_v1,148.053650,345.187,success
img_119,density_v1,csrnet_den_v1,75.023071,329.025,success
img_120,density_v1,csrnet_den_v1,62.709633,348.901,success
img_121,density_v1,csrnet_den_v1,151.286011,323.929,success
img_122,density_v1,csrnet_den_v1,40.875504,361.945,success
img_123,density_v1,csrnet_den_v1,55.305695,331.389,success
img_124,density_v1,csrnet_den_v1,58.534199,330.248,success
img_125,density_v1,csrnet_den_v1,72.670151,300.779,success
img_126,density_v1,csrnet_den_v1,43.940552,340.671,success
img_127,density_v1,csrnet_den_v1,105.781487,334.370,success
img_128,density_v1,csrnet_den_v1,27.584833,348.395,success
img_129,density_v1,csrnet_den_v1,151.811783,338.205,success
img_130,density_v1,csrnet_den_v1,95.425087,317.440,success
img_131,density_v1,csrnet_den_v1,116.240486,340.876,success
img_132,density_v1,csrnet_den_v1,102.477020,349.897,success
img_133,density_v1,csrnet_den_v1,115.263779,358.932,success
img_134,density_v1,csrnet_den_v1,104.586060,351.168,success
img_135,density_v1,csrnet_den_v1,60.570213,332.466,success
img_136,density_v1,csrnet_den_v1,118.609764,344.001,success
img_137,density_v1,csrnet_den_v1,200.200150,317.711,success
img_138,density_v1,csrnet_den_v1,155.770477,305.321,success
img_139,density_v1,csrnet_den_v1,103.678413,365.536,success
img_140,density_v1,csrnet_den_v1,56.910126,310.296,success
img_141,density_v1,csrnet_den_v1,36.416199,349.160,success
img_142,density_v1,csrnet_den_v1,23.184734,346.571,success
img_143,density_v1,csrnet_den_v1,276.900940,334.476,success
img_144,density_v1,csrnet_den_v1,56.273331,346.380,success
img_145,density_v1,csrnet_den_v1,78.447090,350.714,success
img_146,density_v1,csrnet_den_v1,61.461433,361.971,success
img_147,density_v1,csrnet_den_v1,227.227554,324.857,success
img_148,density_v1,csrnet_den_v1,260.856567,341.370,success
img_149,density_v1,csrnet_den_v1,85.747581,319.756,success
img_150,density_v1,csrnet_den_v1,102.432808,347.209,success
img_151,density_v1,csrnet_den_v1,43.506432,323.692,success
img_152,density_v1,csrnet_den_v1,388.563782,332.639,success
img_153,density_v1,csrnet_den_v1,263.521393,341.013,success
img_154,density_v1,csrnet_den_v1,279.249390,335.352,success
img_155,density_v1,csrnet_den_v1,100.495682,347.627,success
img_156,density_v1,csrnet_den_v1,31.808794,364.273,success
img_157,density_v1,csrnet_den_v1,36.162674,324.670,success
img_158,density_v1,csrnet_den_v1,93.113571,312.722,success
img_159,density_v1,csrnet_den_v1,213.324997,365.394,success
img_160,density_v1,csrnet_den_v1,117.715508,297.546,success
img_161,density_v1,csrnet_den_v1,44.827000,305.641,success
img_162,density_v1,csrnet_den_v1,45.380814,320.253,success
img_163,density_v1,csrnet_den_v1,50.014832,372.749,success
img_164,density_v1,csrnet_den_v1,99.132019,333.457,success
img_165,density_v1,csrnet_den_v1,62.122723,345.608,success
img_166,density_v1,csrnet_den_v1,176.045898,337.752,success
img_167,density_v1,csrnet_den_v1,97.910126,300.416,success
img_168,density_v1,csrnet_den_v1,43.565502,342.153,success
img_169,density_v1,csrnet_den_v1,131.885193,321.960,success
img_170,density_v1,csrnet_den_v1,323.959625,347.163,success
img_171,density_v1,csrnet_den_v1,15.654605,324.325,success
img_172,density_v1,csrnet_den_v1,8.270738,354.557,success
img_173,density_v1,csrnet_den_v1,82.411835,325.984,success
img_174,density_v1,csrnet_den_v1,128.885773,351.886,success
img_175,density_v1,csrnet_den_v1,43.772175,337.967,success
img_176,density_v1,csrnet_den_v1,167.256134,334.786,success
img_177,density_v1,csrnet_den_v1,19.055870,344.000,success
img_178,density_v1,csrnet_den_v1,30.881239,358.997,success
img_179,density_v1,csrnet_den_v1,67.702133,347.496,success
img_180,density_v1,csrnet_den_v1,118.994385,324.399,success
img_181,density_v1,csrnet_den_v1,45.565823,361.331,success
img_182,density_v1,csrnet_den_v1,228.448898,346.865,success
img_183,density_v1,csrnet_den_v1,151.409882,363.386,success
img_184,density_v1,csrnet_den_v1,184.417542,335.290,success
img_185,density_v1,csrnet_den_v1,98.370720,332.641,success
img_186,density_v1,csrnet_den_v1,106.144073,332.761,success
img_187,density_v1,csrnet_den_v1,120.876167,342.449,success
img_188,density_v1,csrnet_den_v1,51.865860,351.287,success
img_189,density_v1,csrnet_den_v1,33.080948,341.694,success
img_190,density_v1,csrnet_den_v1,104.065964,355.543,success
img_191,density_v1,csrnet_den_v1,162.506226,310.587,success
img_192,density_v1,csrnet_den_v1,42.821625,321.580,success
img_193,density_v1,csrnet_den_v1,169.269226,329.046,success
img_194,density_v1,csrnet_den_v1,138.436096,340.585,success
img_195,density_v1,csrnet_den_v1,58.937656,355.402,success
img_196,density_v1,csrnet_den_v1,96.919731,341.641,success
img_197,density_v1,csrnet_den_v1,77.113358,388.180,success
img_198,density_v1,csrnet_den_v1,10.153076,347.749,success
img_199,density_v1,csrnet_den_v1,83.933372,327.506,success
img_200,density_v1,csrnet_den_v1,46.798512,354.641,success
img_201,density_v1,csrnet_den_v1,81.104477,356.792,success
img_202,density_v1,csrnet_den_v1,166.581619,333.650,success
img_203,density_v1,csrnet_den_v1,128.260712,325.979,success
img_204,density_v1,csrnet_den_v1,155.210938,333.493,success
img_205,density_v1,csrnet_den_v1,37.785538,346.553,success
img_206,density_v1,csrnet_den_v1,86.444855,350.291,success
img_207,density_v1,csrnet_den_v1,109.654198,354.410,success
img_208,density_v1,csrnet_den_v1,57.381172,332.629,success
img_209,density_v1,csrnet_den_v1,110.439430,324.085,success
img_210,density_v1,csrnet_den_v1,21.988605,309.924,success
img_211,density_v1,csrnet_den_v1,56.221424,333.816,success
img_212,density_v1,csrnet_den_v1,108.471474,294.787,success
img_213,density_v1,csrnet_den_v1,217.544220,349.868,success
img_214,density_v1,csrnet_den_v1,133.686859,323.027,success
img_215,density_v1,csrnet_den_v1,42.558754,314.451,success
img_216,density_v1,csrnet_den_v1,183.103485,330.325,success
img_217,density_v1,csrnet_den_v1,98.645264,350.711,success
img_218,density_v1,csrnet_den_v1,63.656830,310.069,success
img_219,density_v1,csrnet_den_v1,258.444611,293.823,success
img_220,density_v1,csrnet_den_v1,53.632843,329.862,success
img_221,density_v1,csrnet_den_v1,60.248146,331.522,success
img_222,density_v1,csrnet_den_v1,77.484161,332.756,success
img_223,density_v1,csrnet_den_v1,141.487823,319.236,success
img_224,density_v1,csrnet_den_v1,99.875160,329.490,success
img_225,density_v1,csrnet_den_v1,223.275116,359.460,success
img_226,density_v1,csrnet_den_v1,82.418190,357.990,success
img_227,density_v1,csrnet_den_v1,121.582451,325.652,success
img_228,density_v1,csrnet_den_v1,102.175110,338.289,success
img_229,density_v1,csrnet_den_v1,56.132034,361.771,success
img_230,density_v1,csrnet_den_v1,82.407845,347.159,success
img_231,density_v1,csrnet_den_v1,74.844131,340.787,success
img_232,density_v1,csrnet_den_v1,83.977249,347.843,success
img_233,density_v1,csrnet_den_v1,35.008965,336.430,success
img_234,density_v1,csrnet_den_v1,223.234650,293.355,success
img_235,density_v1,csrnet_den_v1,131.656372,344.489,success
img_236,density_v1,csrnet_den_v1,225.667709,342.055,success
img_237,density_v1,csrnet_den_v1,241.602753,338.832,success
img_238,density_v1,csrnet_den_v1,50.717545,317.222,success
img_239,density_v1,csrnet_den_v1,137.512497,291.601,success
img_240,density_v1,csrnet_den_v1,63.035984,368.762,success
img_241,density_v1,csrnet_den_v1,98.828644,334.620,success
img_242,density_v1,csrnet_den_v1,153.500458,363.374,success
img_243,density_v1,csrnet_den_v1,140.374298,332.934,success
img_244,density_v1,csrnet_den_v1,72.144501,344.171,success
img_245,density_v1,csrnet_den_v1,52.730747,336.230,success
img_246,density_v1,csrnet_den_v1,254.869186,335.830,success
img_247,density_v1,csrnet_den_v1,126.825180,342.161,success
img_248,density_v1,csrnet_den_v1,55.005180,309.004,success
img_249,density_v1,csrnet_den_v1,121.498337,354.461,success
img_250,density_v1,csrnet_den_v1,27.145748,317.624,success
img_251,density_v1,csrnet_den_v1,199.636765,320.088,success
img_252,density_v1,csrnet_den_v1,31.427189,345.383,success
img_253,density_v1,csrnet_den_v1,145.847397,332.127,success
img_254,density_v1,csrnet_den_v1,109.262077,303.473,success
img_255,density_v1,csrnet_den_v1,36.138577,348.290,success
img_256,density_v1,csrnet_den_v1,193.862000,347.077,success
img_257,density_v1,csrnet_den_v1,124.920937,336.823,success
img_258,density_v1,csrnet_den_v1,53.958843,348.369,success
img_259,density_v1,csrnet_den_v1,87.262535,336.323,success
img_260,density_v1,csrnet_den_v1,38.184986,363.107,success
img_261,density_v1,csrnet_den_v1,139.406006,340.124,success
img_262,density_v1,csrnet_den_v1,63.093441,324.018,success
img_263,density_v1,csrnet_den_v1,78.515976,364.762,success
img_264,density_v1,csrnet_den_v1,31.751743,337.952,success
img_265,density_v1,csrnet_den_v1,26.446032,342.158,success
img_266,density_v1,csrnet_den_v1,51.554932,336.105,success
img_267,density_v1,csrnet_den_v1,59.238342,353.856,success
img_268,density_v1,csrnet_den_v1,79.114227,345.657,success
img_269,density_v1,csrnet_den_v1,248.755829,341.211,success
img_270,density_v1,csrnet_den_v1,126.697380,290.151,success
img_271,density_v1,csrnet_den_v1,55.520420,347.749,success
img_272,density_v1,csrnet_den_v1,155.743073,317.230,success
img_273,density_v1,csrnet_den_v1,52.517494,333.763,success
img_274,density_v1,csrnet_den_v1,180.896301,327.256,success
img_275,density_v1,csrnet_den_v1,85.488770,317.124,success
img_276,density_v1,csrnet_den_v1,45.433159,339.506,success
img_277,density_v1,csrnet_den_v1,48.684013,321.074,success
img_278,density_v1,csrnet_den_v1,47.589207,333.702,success
img_279,density_v1,csrnet_den_v1,118.004890,320.598,success
img_280,density_v1,csrnet_den_v1,101.024368,351.186,success
img_281,density_v1,csrnet_den_v1,85.765129,343.530,success
img_282,density_v1,csrnet_den_v1,18.781456,347.829,success
img_283,density_v1,csrnet_den_v1,157.372253,333.909,success
img_284,density_v1,csrnet_den_v1,28.077782,353.418,success
img_285,density_v1,csrnet_den_v1,59.836712,374.467,success
img_286,density_v1,csrnet_den_v1,85.818428,322.442,success
img_287,density_v1,csrnet_den_v1,69.504272,342.089,success
img_288,density_v1,csrnet_den_v1,22.944220,339.439,success
img_289,density_v1,csrnet_den_v1,48.587017,337.680,success
img_290,density_v1,csrnet_den_v1,81.012398,329.501,success
img_291,density_v1,csrnet_den_v1,130.531693,314.506,success
img_292,density_v1,csrnet_den_v1,78.754799,337.389,success
img_293,density_v1,csrnet_den_v1,267.962158,315.227,success
img_294,density_v1,csrnet_den_v1,38.662956,342.936,success
img_295,density_v1,csrnet_den_v1,127.725838,365.343,success
img_296,density_v1,csrnet_den_v1,23.908119,302.996,success
img_297,density_v1,csrnet_den_v1,61.743038,333.057,success
img_298,density_v1,csrnet_den_v1,192.294937,334.113,success
img_299,density_v1,csrnet_den_v1,101.924934,327.746,success
img_300,density_v1,csrnet_den_v1,154.988678,334.561,success
img_301,density_v1,csrnet_den_v1,26.478710,345.041,success
img_302,density_v1,csrnet_den_v1,55.741905,350.966,success
img_303,density_v1,csrnet_den_v1,57.360577,342.424,success
img_304,density_v1,csrnet_den_v1,159.293152,315.097,success
img_305,density_v1,csrnet_den_v1,69.955261,324.686,success
img_306,density_v1,csrnet_den_v1,200.504150,354.700,success
img_307,density_v1,csrnet_den_v1,180.058380,304.809,success
img_308,density_v1,csrnet_den_v1,44.901321,353.473,success
img_309,density_v1,csrnet_den_v1,46.854240,334.969,success
img_310,density_v1,csrnet_den_v1,67.207680,340.599,success
img_311,density_v1,csrnet_den_v1,33.254688,335.971,success
img_312,density_v1,csrnet_den_v1,48.526588,338.868,success
img_313,density_v1,csrnet_den_v1,26.653162,333.723,success
img_314,density_v1,csrnet_den_v1,38.340004,335.885,success
img_315,density_v1,csrnet_den_v1,53.077244,345.106,success
img_316,density_v1,csrnet_den_v1,357.058350,338.754,success
img_1,density_v1,mcnn_den_v1,23.873743,93.223,success
img_2,density_v1,mcnn_den_v1,50.091843,59.127,success
img_3,density_v1,mcnn_den_v1,44.072666,64.962,success
img_4,density_v1,mcnn_den_v1,72.250160,56.041,success
img_5,density_v1,mcnn_den_v1,32.958363,60.048,success
img_6,density_v1,mcnn_den_v1,132.245041,58.075,success
img_7,density_v1,mcnn_den_v1,20.859522,60.449,success
img_8,density_v1,mcnn_den_v1,37.297127,53.650,success
img_9,density_v1,mcnn_den_v1,40.264915,61.096,success
img_10,density_v1,mcnn_den_v1,90.264771,56.886,success
img_11,density_v1,mcnn_den_v1,86.792633,69.531,success
img_12,density_v1,mcnn_den_v1,128.207092,68.543,success
img_13,density_v1,mcnn_den_v1,29.381729,65.200,success
img_14,density_v1,mcnn_den_v1,26.662424,69.911,success
img_15,density_v1,mcnn_den_v1,16.877632,68.809,success
img_16,density_v1,mcnn_den_v1,51.535393,69.436,success
img_17,density_v1,mcnn_den_v1,54.252071,62.709,success
img_18,density_v1,mcnn_den_v1,62.935986,66.258,success
img_19,density_v1,mcnn_den_v1,126.629730,65.251,success
img_20,density_v1,mcnn_den_v1,18.271490,67.915,success
img_21,density_v1,mcnn_den_v1,62.495152,59.498,success
img_22,density_v1,mcnn_den_v1,131.148804,65.148,success
img_23,density_v1,mcnn_den_v1,65.159164,64.253,success
img_24,density_v1,mcnn_den_v1,55.109165,65.887,success
img_25,density_v1,mcnn_den_v1,64.518913,64.683,success
img_26,density_v1,mcnn_den_v1,41.255157,59.084,success
img_27,density_v1,mcnn_den_v1,136.145233,61.710,success
img_28,density_v1,mcnn_den_v1,27.978363,63.103,success
img_29,density_v1,mcnn_den_v1,74.702606,51.780,success
img_30,density_v1,mcnn_den_v1,38.414349,54.074,success
img_31,density_v1,mcnn_den_v1,63.935776,56.447,success
img_32,density_v1,mcnn_den_v1,15.675332,59.002,success
img_33,density_v1,mcnn_den_v1,69.841667,53.184,success
img_34,density_v1,mcnn_den_v1,50.945686,62.072,success
img_35,density_v1,mcnn_den_v1,79.212227,49.167,success
img_36,density_v1,mcnn_den_v1,75.129372,53.617,success
img_37,density_v1,mcnn_den_v1,28.602978,59.523,success
img_38,density_v1,mcnn_den_v1,51.595116,64.402,success
img_39,density_v1,mcnn_den_v1,45.022430,67.456,success
img_40,density_v1,mcnn_den_v1,55.485291,65.549,success
img_41,density_v1,mcnn_den_v1,29.070271,64.616,success
img_42,density_v1,mcnn_den_v1,38.216530,62.566,success
img_43,density_v1,mcnn_den_v1,66.258133,61.674,success
img_44,density_v1,mcnn_den_v1,31.380716,50.283,success
img_45,density_v1,mcnn_den_v1,73.378082,64.731,success
img_46,density_v1,mcnn_den_v1,53.583897,69.659,success
img_47,density_v1,mcnn_den_v1,51.100391,65.090,success
img_48,density_v1,mcnn_den_v1,51.958782,64.273,success
img_49,density_v1,mcnn_den_v1,31.295143,56.864,success
img_50,density_v1,mcnn_den_v1,104.835258,55.211,success
img_51,density_v1,mcnn_den_v1,105.091812,58.056,success
img_52,density_v1,mcnn_den_v1,20.195625,63.825,success
img_53,density_v1,mcnn_den_v1,21.852188,61.146,success
img_54,density_v1,mcnn_den_v1,33.743237,53.374,success
img_55,density_v1,mcnn_den_v1,76.496826,67.101,success
img_56,density_v1,mcnn_den_v1,31.238817,50.330,success
img_57,density_v1,mcnn_den_v1,70.806839,65.831,success
img_58,density_v1,mcnn_den_v1,67.608047,57.493,success
img_59,density_v1,mcnn_den_v1,35.622478,50.673,success
img_60,density_v1,mcnn_den_v1,21.423798,49.780,success
img_61,density_v1,mcnn_den_v1,153.522400,55.559,success
img_62,density_v1,mcnn_den_v1,84.594421,58.446,success
img_63,density_v1,mcnn_den_v1,42.581760,58.038,success
img_64,density_v1,mcnn_den_v1,41.702923,57.823,success
img_65,density_v1,mcnn_den_v1,105.009369,67.736,success
img_66,density_v1,mcnn_den_v1,59.231380,51.729,success
img_67,density_v1,mcnn_den_v1,45.598881,55.578,success
img_68,density_v1,mcnn_den_v1,43.510292,57.228,success
img_69,density_v1,mcnn_den_v1,75.552383,67.158,success
img_70,density_v1,mcnn_den_v1,22.420393,57.071,success
img_71,density_v1,mcnn_den_v1,78.250320,53.472,success
img_72,density_v1,mcnn_den_v1,35.668098,65.687,success
img_73,density_v1,mcnn_den_v1,79.815552,67.884,success
img_74,density_v1,mcnn_den_v1,59.729645,60.905,success
img_75,density_v1,mcnn_den_v1,62.250004,53.365,success
img_76,density_v1,mcnn_den_v1,38.904427,59.039,success
img_77,density_v1,mcnn_den_v1,86.476639,68.314,success
img_78,density_v1,mcnn_den_v1,78.888687,66.101,success
img_79,density_v1,mcnn_den_v1,51.519344,64.358,success
img_80,density_v1,mcnn_den_v1,46.938171,46.712,success
img_81,density_v1,mcnn_den_v1,44.788174,64.624,success
img_82,density_v1,mcnn_den_v1,50.698807,51.822,success
img_83,density_v1,mcnn_den_v1,36.601803,64.203,success
img_84,density_v1,mcnn_den_v1,31.407154,55.236,success
img_85,density_v1,mcnn_den_v1,54.084259,61.560,success
img_86,density_v1,mcnn_den_v1,40.366806,56.142,success
img_87,density_v1,mcnn_den_v1,62.554852,54.949,success
img_88,density_v1,mcnn_den_v1,58.331219,57.585,success
img_89,density_v1,mcnn_den_v1,23.390526,55.089,success
img_90,density_v1,mcnn_den_v1,90.097794,60.063,success
img_91,density_v1,mcnn_den_v1,53.803730,59.940,success
img_92,density_v1,mcnn_den_v1,45.110825,57.151,success
img_93,density_v1,mcnn_den_v1,103.253342,58.204,success
img_94,density_v1,mcnn_den_v1,35.126698,65.017,success
img_95,density_v1,mcnn_den_v1,56.253384,51.556,success
img_96,density_v1,mcnn_den_v1,76.548775,54.335,success
img_97,density_v1,mcnn_den_v1,44.059196,49.971,success
img_98,density_v1,mcnn_den_v1,95.768654,61.724,success
img_99,density_v1,mcnn_den_v1,54.069866,65.311,success
img_100,density_v1,mcnn_den_v1,44.713001,60.835,success
img_101,density_v1,mcnn_den_v1,27.700073,50.421,success
img_102,density_v1,mcnn_den_v1,62.266991,59.678,success
img_103,density_v1,mcnn_den_v1,52.954533,64.232,success
img_104,density_v1,mcnn_den_v1,33.256123,61.130,success
img_105,density_v1,mcnn_den_v1,104.932739,50.170,success
img_106,density_v1,mcnn_den_v1,107.238045,62.298,success
img_107,density_v1,mcnn_den_v1,122.166145,66.685,success
img_108,density_v1,mcnn_den_v1,101.744011,61.430,success
img_109,density_v1,mcnn_den_v1,56.814617,61.817,success
img_110,density_v1,mcnn_den_v1,81.703217,58.755,success
img_111,density_v1,mcnn_den_v1,28.543272,66.861,success
img_112,density_v1,mcnn_den_v1,65.109512,65.577,success
img_113,density_v1,mcnn_den_v1,49.090744,58.564,success
img_114,density_v1,mcnn_den_v1,105.000137,55.403,success
img_115,density_v1,mcnn_den_v1,14.581394,64.835,success
img_116,density_v1,mcnn_den_v1,93.482155,61.230,success
img_117,density_v1,mcnn_den_v1,30.398485,68.166,success
img_118,density_v1,mcnn_den_v1,69.418510,57.636,success
img_119,density_v1,mcnn_den_v1,33.180077,53.085,success
img_120,density_v1,mcnn_den_v1,46.447758,66.175,success
img_121,density_v1,mcnn_den_v1,47.799103,59.950,success
img_122,density_v1,mcnn_den_v1,37.403450,55.250,success
img_123,density_v1,mcnn_den_v1,37.945446,57.686,success
img_124,density_v1,mcnn_den_v1,56.126400,48.050,success
img_125,density_v1,mcnn_den_v1,63.534203,51.444,success
img_126,density_v1,mcnn_den_v1,44.631134,65.619,success
img_127,density_v1,mcnn_den_v1,54.067474,52.059,success
img_128,density_v1,mcnn_den_v1,34.417656,49.683,success
img_129,density_v1,mcnn_den_v1,91.399666,55.483,success
img_130,density_v1,mcnn_den_v1,52.060673,64.549,success
img_131,density_v1,mcnn_den_v1,73.150887,67.977,success
img_132,density_v1,mcnn_den_v1,34.192738,61.037,success
img_133,density_v1,mcnn_den_v1,57.065228,52.312,success
img_134,density_v1,mcnn_den_v1,75.084572,63.601,success
img_135,density_v1,mcnn_den_v1,63.383896,61.541,success
img_136,density_v1,mcnn_den_v1,80.234947,57.307,success
img_137,density_v1,mcnn_den_v1,81.786392,55.305,success
img_138,density_v1,mcnn_den_v1,67.746696,64.742,success
img_139,density_v1,mcnn_den_v1,42.564644,49.725,success
img_140,density_v1,mcnn_den_v1,34.168404,65.203,success
img_141,density_v1,mcnn_den_v1,42.796535,68.474,success
img_142,density_v1,mcnn_den_v1,17.093159,64.588,success
img_143,density_v1,mcnn_den_v1,143.061417,59.759,success
img_144,density_v1,mcnn_den_v1,48.843292,64.794,success
img_145,density_v1,mcnn_den_v1,62.897999,49.720,success
img_146,density_v1,mcnn_den_v1,68.166771,51.112,success
img_147,density_v1,mcnn_den_v1,101.598686,65.087,success
img_148,density_v1,mcnn_den_v1,79.491776,62.679,success
img_149,density_v1,mcnn_den_v1,51.214924,52.067,success
img_150,density_v1,mcnn_den_v1,48.051323,62.196,success
img_151,density_v1,mcnn_den_v1,48.321686,60.505,success
img_152,density_v1,mcnn_den_v1,134.340012,60.997,success
img_153,density_v1,mcnn_den_v1,103.181671,60.686,success
img_154,density_v1,mcnn_den_v1,42.532806,64.761,success
img_155,density_v1,mcnn_den_v1,57.589363,67.930,success
img_156,density_v1,mcnn_den_v1,41.388702,63.864,success
img_157,density_v1,mcnn_den_v1,39.564899,56.035,success
img_158,density_v1,mcnn_den_v1,74.629189,56.217,success
img_159,density_v1,mcnn_den_v1,64.724625,58.412,success
img_160,density_v1,mcnn_den_v1,83.921570,59.618,success
img_161,density_v1,mcnn_den_v1,48.781982,58.870,success
img_162,density_v1,mcnn_den_v1,51.903439,66.581,success
img_163,density_v1,mcnn_den_v1,31.820795,58.950,success
img_164,density_v1,mcnn_den_v1,70.170624,70.513,success
img_165,density_v1,mcnn_den_v1,48.091888,67.428,success
img_166,density_v1,mcnn_den_v1,70.043915,64.373,success
img_167,density_v1,mcnn_den_v1,46.175293,64.957,success
img_168,density_v1,mcnn_den_v1,34.246689,57.094,success
img_169,density_v1,mcnn_den_v1,94.142776,66.827,success
img_170,density_v1,mcnn_den_v1,163.167587,64.411,success
img_171,density_v1,mcnn_den_v1,16.391064,55.758,success
img_172,density_v1,mcnn_den_v1,15.795328,57.188,success
img_173,density_v1,mcnn_den_v1,53.376060,61.454,success
img_174,density_v1,mcnn_den_v1,83.759735,52.139,success
img_175,density_v1,mcnn_den_v1,44.194469,60.125,success
img_176,density_v1,mcnn_den_v1,37.255905,61.854,success
img_177,density_v1,mcnn_den_v1,20.986816,65.121,success
img_178,density_v1,mcnn_den_v1,34.778721,62.437,success
img_179,density_v1,mcnn_den_v1,46.553268,65.030,success
img_180,density_v1,mcnn_den_v1,71.653847,63.904,success
img_181,density_v1,mcnn_den_v1,31.932783,60.457,success
img_182,density_v1,mcnn_den_v1,103.105446,62.961,success
img_183,density_v1,mcnn_den_v1,85.865601,61.744,success
img_184,density_v1,mcnn_den_v1,104.701973,57.638,success
img_185,density_v1,mcnn_den_v1,48.004944,57.712,success
img_186,density_v1,mcnn_den_v1,82.853661,66.861,success
img_187,density_v1,mcnn_den_v1,63.885891,69.421,success
img_188,density_v1,mcnn_den_v1,53.973602,59.311,success
img_189,density_v1,mcnn_den_v1,23.991791,65.899,success
img_190,density_v1,mcnn_den_v1,63.190430,55.433,success
img_191,density_v1,mcnn_den_v1,62.164486,64.920,success
img_192,density_v1,mcnn_den_v1,34.141163,62.026,success
img_193,density_v1,mcnn_den_v1,82.883408,62.333,success
img_194,density_v1,mcnn_den_v1,35.872009,66.141,success
img_195,density_v1,mcnn_den_v1,37.783924,65.360,success
img_196,density_v1,mcnn_den_v1,61.036743,64.656,success
img_197,density_v1,mcnn_den_v1,54.849060,56.739,success
img_198,density_v1,mcnn_den_v1,11.272889,53.456,success
img_199,density_v1,mcnn_den_v1,69.774498,62.981,success
img_200,density_v1,mcnn_den_v1,41.640236,51.499,success
img_201,density_v1,mcnn_den_v1,47.165138,56.697,success
img_202,density_v1,mcnn_den_v1,108.387383,60.179,success
img_203,density_v1,mcnn_den_v1,75.093704,67.528,success
img_204,density_v1,mcnn_den_v1,57.726074,64.228,success
img_205,density_v1,mcnn_den_v1,12.699925,57.410,success
img_206,density_v1,mcnn_den_v1,75.682114,57.957,success
img_207,density_v1,mcnn_den_v1,71.498695,58.217,success
img_208,density_v1,mcnn_den_v1,46.695438,66.801,success
img_209,density_v1,mcnn_den_v1,58.726448,67.953,success
img_210,density_v1,mcnn_den_v1,9.841819,58.790,success
img_211,density_v1,mcnn_den_v1,42.736397,65.622,success
img_212,density_v1,mcnn_den_v1,66.533234,59.235,success
img_213,density_v1,mcnn_den_v1,59.966309,55.804,success
img_214,density_v1,mcnn_den_v1,65.003639,67.756,success
img_215,density_v1,mcnn_den_v1,44.985439,57.488,success
img_216,density_v1,mcnn_den_v1,99.302834,54.619,success
img_217,density_v1,mcnn_den_v1,61.986755,64.715,success
img_218,density_v1,mcnn_den_v1,62.904942,62.643,success
img_219,density_v1,mcnn_den_v1,81.569756,53.052,success
img_220,density_v1,mcnn_den_v1,55.744640,52.633,success
img_221,density_v1,mcnn_den_v1,54.076771,54.925,success
img_222,density_v1,mcnn_den_v1,43.079559,66.478,success
img_223,density_v1,mcnn_den_v1,68.127960,65.170,success
img_224,density_v1,mcnn_den_v1,69.737457,61.935,success
img_225,density_v1,mcnn_den_v1,106.882233,58.803,success
img_226,density_v1,mcnn_den_v1,58.773037,57.630,success
img_227,density_v1,mcnn_den_v1,73.857666,51.012,success
img_228,density_v1,mcnn_den_v1,58.684425,54.407,success
img_229,density_v1,mcnn_den_v1,26.310326,57.101,success
img_230,density_v1,mcnn_den_v1,31.428579,54.934,success
img_231,density_v1,mcnn_den_v1,60.492935,59.745,success
img_232,density_v1,mcnn_den_v1,46.186775,59.581,success
img_233,density_v1,mcnn_den_v1,21.328293,51.193,success
img_234,density_v1,mcnn_den_v1,115.472771,62.989,success
img_235,density_v1,mcnn_den_v1,104.463501,62.301,success
img_236,density_v1,mcnn_den_v1,132.554688,62.659,success
img_237,density_v1,mcnn_den_v1,98.808891,65.026,success
img_238,density_v1,mcnn_den_v1,49.491299,60.932,success
img_239,density_v1,mcnn_den_v1,53.518776,53.701,success
img_240,density_v1,mcnn_den_v1,43.455147,65.196,success
img_241,density_v1,mcnn_den_v1,89.583298,63.520,success
img_242,density_v1,mcnn_den_v1,70.490807,62.005,success
img_243,density_v1,mcnn_den_v1,77.034813,63.214,success
img_244,density_v1,mcnn_den_v1,51.652000,66.022,success
img_245,density_v1,mcnn_den_v1,39.279648,64.689,success
img_246,density_v1,mcnn_den_v1,114.706459,51.634,success
img_247,density_v1,mcnn_den_v1,83.912811,60.854,success
img_248,density_v1,mcnn_den_v1,39.288483,68.112,success
img_249,density_v1,mcnn_den_v1,99.619003,52.372,success
img_250,density_v1,mcnn_den_v1,20.481916,59.224,success
img_251,density_v1,mcnn_den_v1,65.247154,64.381,success
img_252,density_v1,mcnn_den_v1,30.536238,67.025,success
img_253,density_v1,mcnn_den_v1,82.510017,60.619,success
img_254,density_v1,mcnn_den_v1,80.164864,66.563,success
img_255,density_v1,mcnn_den_v1,31.942965,57.290,success
img_256,density_v1,mcnn_den_v1,100.314323,59.406,success
img_257,density_v1,mcnn_den_v1,68.640320,60.264,success
img_258,density_v1,mcnn_den_v1,48.383537,63.099,success
img_259,density_v1,mcnn_den_v1,63.688675,62.201,success
img_260,density_v1,mcnn_den_v1,45.748837,52.177,success
img_261,density_v1,mcnn_den_v1,78.160728,63.881,success
img_262,density_v1,mcnn_den_v1,26.755560,68.996,success
img_263,density_v1,mcnn_den_v1,54.182487,61.041,success
img_264,density_v1,mcnn_den_v1,33.537498,61.835,success
img_265,density_v1,mcnn_den_v1,24.173912,65.059,success
img_266,density_v1,mcnn_den_v1,53.697132,63.822,success
img_267,density_v1,mcnn_den_v1,53.949223,54.891,success
img_268,density_v1,mcnn_den_v1,73.905998,65.756,success
img_269,density_v1,mcnn_den_v1,118.932556,57.473,success
img_270,density_v1,mcnn_den_v1,71.564590,58.048,success
img_271,density_v1,mcnn_den_v1,42.600967,68.020,success
img_272,density_v1,mcnn_den_v1,101.287811,67.841,success
img_273,density_v1,mcnn_den_v1,36.195427,65.728,success
img_274,density_v1,mcnn_den_v1,90.554405,54.557,success
img_275,density_v1,mcnn_den_v1,64.729202,60.381,success
img_276,density_v1,mcnn_den_v1,26.047260,63.539,success
img_277,density_v1,mcnn_den_v1,51.672752,58.347,success
img_278,density_v1,mcnn_den_v1,47.364754,55.661,success
img_279,density_v1,mcnn_den_v1,69.785873,67.724,success
img_280,density_v1,mcnn_den_v1,79.962341,62.258,success
img_281,density_v1,mcnn_den_v1,50.257996,64.145,success
img_282,density_v1,mcnn_den_v1,21.235754,56.181,success
img_283,density_v1,mcnn_den_v1,60.492905,58.453,success
img_284,density_v1,mcnn_den_v1,28.710514,64.645,success
img_285,density_v1,mcnn_den_v1,29.028149,58.878,success
img_286,density_v1,mcnn_den_v1,66.090034,55.432,success
img_287,density_v1,mcnn_den_v1,62.874451,64.273,success
img_288,density_v1,mcnn_den_v1,17.839060,64.505,success
img_289,density_v1,mcnn_den_v1,34.322716,65.321,success
img_290,density_v1,mcnn_den_v1,60.179852,56.269,success
img_291,density_v1,mcnn_den_v1,80.114059,63.858,success
img_292,density_v1,mcnn_den_v1,48.847332,61.417,success
img_293,density_v1,mcnn_den_v1,117.292908,67.331,success
img_294,density_v1,mcnn_den_v1,38.476654,61.493,success
img_295,density_v1,mcnn_den_v1,70.005508,53.268,success
img_296,density_v1,mcnn_den_v1,22.249268,52.023,success
img_297,density_v1,mcnn_den_v1,43.940712,58.355,success
img_298,density_v1,mcnn_den_v1,95.580643,55.706,success
img_299,density_v1,mcnn_den_v1,77.946213,64.307,success
img_300,density_v1,mcnn_den_v1,48.539982,59.681,success
img_301,density_v1,mcnn_den_v1,38.283344,64.510,success
img_302,density_v1,mcnn_den_v1,50.537205,63.141,success
img_303,density_v1,mcnn_den_v1,45.684509,59.460,success
img_304,density_v1,mcnn_den_v1,90.634285,54.408,success
img_305,density_v1,mcnn_den_v1,43.357906,65.034,success
img_306,density_v1,mcnn_den_v1,113.512428,66.633,success
img_307,density_v1,mcnn_den_v1,47.366890,55.003,success
img_308,density_v1,mcnn_den_v1,46.191448,59.565,success
img_309,density_v1,mcnn_den_v1,34.400833,65.292,success
img_310,density_v1,mcnn_den_v1,58.249008,58.972,success
img_311,density_v1,mcnn_den_v1,27.649397,54.246,success
img_312,density_v1,mcnn_den_v1,48.583759,61.191,success
img_313,density_v1,mcnn_den_v1,31.173277,61.210,success
img_314,density_v1,mcnn_den_v1,17.230917,48.908,success
img_315,density_v1,mcnn_den_v1,32.258232,59.178,success
img_316,density_v1,mcnn_den_v1,155.371063,63.091,success
img_2,detection_v1,yolov8_det_v1,52,159.733,success
img_3,detection_v1,yolov8_det_v1,44,47.763,success
img_4,detection_v1,yolov8_det_v1,75,46.825,success
img_5,detection_v1,yolov8_det_v1,50,41.941,success
img_6,detection_v1,yolov8_det_v1,107,46.051,success
img_7,detection_v1,yolov8_det_v1,32,43.253,success
img_8,detection_v1,yolov8_det_v1,39,42.564,success
img_9,detection_v1,yolov8_det_v1,34,45.528,success
img_11,detection_v1,yolov8_det_v1,92,43.872,success
img_12,detection_v1,yolov8_det_v1,112,46.394,success
img_13,detection_v1,yolov8_det_v1,38,42.531,success
img_14,detection_v1,yolov8_det_v1,17,48.151,success
img_15,detection_v1,yolov8_det_v1,38,42.166,success
img_16,detection_v1,yolov8_det_v1,60,42.216,success
img_17,detection_v1,yolov8_det_v1,60,45.804,success
img_18,detection_v1,yolov8_det_v1,44,44.512,success
img_19,detection_v1,yolov8_det_v1,125,44.832,success
img_20,detection_v1,yolov8_det_v1,22,44.508,success
img_21,detection_v1,yolov8_det_v1,50,40.651,success
img_22,detection_v1,yolov8_det_v1,106,44.774,success
img_23,detection_v1,yolov8_det_v1,45,45.263,success
img_24,detection_v1,yolov8_det_v1,67,46.742,success
img_25,detection_v1,yolov8_det_v1,60,45.822,success
img_26,detection_v1,yolov8_det_v1,26,44.148,success
img_27,detection_v1,yolov8_det_v1,100,42.296,success
img_28,detection_v1,yolov8_det_v1,50,44.900,success
img_29,detection_v1,yolov8_det_v1,61,42.906,success
img_30,detection_v1,yolov8_det_v1,45,42.112,success
img_31,detection_v1,yolov8_det_v1,81,43.448,success
img_32,detection_v1,yolov8_det_v1,45,41.631,success
img_33,detection_v1,yolov8_det_v1,66,43.216,success
img_34,detection_v1,yolov8_det_v1,38,47.082,success
img_35,detection_v1,yolov8_det_v1,102,43.003,success
img_36,detection_v1,yolov8_det_v1,50,43.187,success
img_37,detection_v1,yolov8_det_v1,37,46.169,success
img_38,detection_v1,yolov8_det_v1,65,45.727,success
img_39,detection_v1,yolov8_det_v1,44,45.445,success
img_40,detection_v1,yolov8_det_v1,53,43.424,success
img_41,detection_v1,yolov8_det_v1,25,43.480,success
img_42,detection_v1,yolov8_det_v1,46,43.453,success
img_43,detection_v1,yolov8_det_v1,76,43.777,success
img_44,detection_v1,yolov8_det_v1,24,44.848,success
img_45,detection_v1,yolov8_det_v1,82,41.364,success
img_46,detection_v1,yolov8_det_v1,53,46.774,success
img_47,detection_v1,yolov8_det_v1,57,42.314,success
img_48,detection_v1,yolov8_det_v1,60,42.764,success
img_49,detection_v1,yolov8_det_v1,34,40.532,success
img_50,detection_v1,yolov8_det_v1,98,41.990,success
img_51,detection_v1,yolov8_det_v1,121,42.749,success
img_52,detection_v1,yolov8_det_v1,23,42.584,success
img_53,detection_v1,yolov8_det_v1,37,47.652,success
img_54,detection_v1,yolov8_det_v1,38,41.799,success
img_55,detection_v1,yolov8_det_v1,72,41.325,success
img_56,detection_v1,yolov8_det_v1,36,45.824,success
img_57,detection_v1,yolov8_det_v1,66,43.445,success
img_58,detection_v1,yolov8_det_v1,70,42.779,success
img_59,detection_v1,yolov8_det_v1,38,43.983,success
img_60,detection_v1,yolov8_det_v1,23,47.799,success
img_61,detection_v1,yolov8_det_v1,132,43.995,success
img_62,detection_v1,yolov8_det_v1,94,43.715,success
img_63,detection_v1,yolov8_det_v1,44,42.261,success
img_64,detection_v1,yolov8_det_v1,44,42.080,success
img_65,detection_v1,yolov8_det_v1,97,45.061,success
img_66,detection_v1,yolov8_det_v1,84,43.761,success
img_67,detection_v1,yolov8_det_v1,44,45.447,success
img_68,detection_v1,yolov8_det_v1,58,41.337,success
img_69,detection_v1,yolov8_det_v1,80,42.437,success
img_70,detection_v1,yolov8_det_v1,34,43.562,success
img_71,detection_v1,yolov8_det_v1,108,43.669,success
img_72,detection_v1,yolov8_det_v1,38,43.055,success
img_73,detection_v1,yolov8_det_v1,71,42.918,success
img_74,detection_v1,yolov8_det_v1,49,42.659,success
img_75,detection_v1,yolov8_det_v1,90,44.674,success
img_76,detection_v1,yolov8_det_v1,47,46.039,success
img_77,detection_v1,yolov8_det_v1,64,44.286,success
img_78,detection_v1,yolov8_det_v1,69,45.219,success
img_79,detection_v1,yolov8_det_v1,49,45.340,success
img_80,detection_v1,yolov8_det_v1,106,45.383,success
img_81,detection_v1,yolov8_det_v1,39,40.778,success
img_82,detection_v1,yolov8_det_v1,44,43.392,success
img_83,detection_v1,yolov8_det_v1,39,43.062,success
img_84,detection_v1,yolov8_det_v1,38,42.054,success
img_85,detection_v1,yolov8_det_v1,56,42.699,success
img_86,detection_v1,yolov8_det_v1,43,42.555,success
img_87,detection_v1,yolov8_det_v1,51,41.415,success
img_88,detection_v1,yolov8_det_v1,35,44.591,success
img_89,detection_v1,yolov8_det_v1,17,48.609,success
img_90,detection_v1,yolov8_det_v1,80,49.373,success
img_91,detection_v1,yolov8_det_v1,63,41.997,success
img_92,detection_v1,yolov8_det_v1,50,46.872,success
img_93,detection_v1,yolov8_det_v1,104,45.824,success
img_94,detection_v1,yolov8_det_v1,37,50.207,success
img_95,detection_v1,yolov8_det_v1,50,46.791,success
img_96,detection_v1,yolov8_det_v1,87,47.659,success
img_97,detection_v1,yolov8_det_v1,44,44.007,success
img_98,detection_v1,yolov8_det_v1,100,46.175,success
img_99,detection_v1,yolov8_det_v1,56,40.471,success
img_104,detection_v1,yolov8_det_v1,44,40.374,success
img_108,detection_v1,yolov8_det_v1,96,45.785,success
img_110,detection_v1,yolov8_det_v1,79,50.954,success
img_113,detection_v1,yolov8_det_v1,44,48.604,success
img_115,detection_v1,yolov8_det_v1,23,46.694,success
img_119,detection_v1,yolov8_det_v1,64,47.522,success
img_121,detection_v1,yolov8_det_v1,74,49.092,success
img_122,detection_v1,yolov8_det_v1,45,43.598,success
img_123,detection_v1,yolov8_det_v1,40,43.785,success
img_124,detection_v1,yolov8_det_v1,65,44.742,success
img_125,detection_v1,yolov8_det_v1,61,44.101,success
img_126,detection_v1,yolov8_det_v1,42,47.730,success
img_127,detection_v1,yolov8_det_v1,48,50.729,success
img_129,detection_v1,yolov8_det_v1,95,49.871,success
img_130,detection_v1,yolov8_det_v1,66,44.158,success
img_131,detection_v1,yolov8_det_v1,93,45.424,success
img_132,detection_v1,yolov8_det_v1,49,45.946,success
img_133,detection_v1,yolov8_det_v1,64,42.550,success
img_134,detection_v1,yolov8_det_v1,83,44.981,success
img_135,detection_v1,yolov8_det_v1,56,45.141,success
img_136,detection_v1,yolov8_det_v1,77,44.845,success
img_137,detection_v1,yolov8_det_v1,103,44.269,success
img_138,detection_v1,yolov8_det_v1,77,42.288,success
img_139,detection_v1,yolov8_det_v1,64,47.222,success
img_140,detection_v1,yolov8_det_v1,41,45.850,success
img_141,detection_v1,yolov8_det_v1,33,44.962,success
img_142,detection_v1,yolov8_det_v1,29,44.401,success
img_143,detection_v1,yolov8_det_v1,127,45.250,success
img_144,detection_v1,yolov8_det_v1,47,51.969,success
img_145,detection_v1,yolov8_det_v1,64,44.383,success
img_146,detection_v1,yolov8_det_v1,62,45.154,success
img_147,detection_v1,yolov8_det_v1,93,46.836,success
img_148,detection_v1,yolov8_det_v1,118,48.728,success
img_149,detection_v1,yolov8_det_v1,32,44.118,success
img_150,detection_v1,yolov8_det_v1,75,45.538,success
img_151,detection_v1,yolov8_det_v1,47,47.244,success
img_152,detection_v1,yolov8_det_v1,123,43.909,success
img_153,detection_v1,yolov8_det_v1,109,56.219,success
img_154,detection_v1,yolov8_det_v1,93,45.206,success
img_155,detection_v1,yolov8_det_v1,32,43.637,success
img_156,detection_v1,yolov8_det_v1,40,40.110,success
img_157,detection_v1,yolov8_det_v1,39,41.025,success
img_158,detection_v1,yolov8_det_v1,71,43.833,success
img_159,detection_v1,yolov8_det_v1,106,42.174,success
img_160,detection_v1,yolov8_det_v1,87,42.515,success
img_161,detection_v1,yolov8_det_v1,46,45.973,success
img_162,detection_v1,yolov8_det_v1,56,44.155,success
img_163,detection_v1,yolov8_det_v1,52,40.433,success
img_164,detection_v1,yolov8_det_v1,74,42.070,success
img_165,detection_v1,yolov8_det_v1,51,44.612,success
img_166,detection_v1,yolov8_det_v1,96,49.101,success
img_167,detection_v1,yolov8_det_v1,36,44.706,success
img_168,detection_v1,yolov8_det_v1,37,44.442,success
img_169,detection_v1,yolov8_det_v1,90,46.718,success
img_170,detection_v1,yolov8_det_v1,125,42.073,success
img_171,detection_v1,yolov8_det_v1,17,43.163,success
img_172,detection_v1,yolov8_det_v1,18,42.272,success
img_173,detection_v1,yolov8_det_v1,39,41.259,success
img_174,detection_v1,yolov8_det_v1,86,45.399,success
img_175,detection_v1,yolov8_det_v1,46,42.250,success
img_176,detection_v1,yolov8_det_v1,82,43.549,success
img_177,detection_v1,yolov8_det_v1,29,42.828,success
img_178,detection_v1,yolov8_det_v1,32,42.945,success
img_179,detection_v1,yolov8_det_v1,61,42.572,success
img_180,detection_v1,yolov8_det_v1,42,40.336,success
img_181,detection_v1,yolov8_det_v1,31,40.589,success
img_182,detection_v1,yolov8_det_v1,110,43.906,success
img_183,detection_v1,yolov8_det_v1,79,42.736,success
img_184,detection_v1,yolov8_det_v1,107,40.633,success
img_185,detection_v1,yolov8_det_v1,67,43.763,success
img_186,detection_v1,yolov8_det_v1,76,43.376,success
img_187,detection_v1,yolov8_det_v1,68,46.338,success
img_188,detection_v1,yolov8_det_v1,59,44.998,success
img_189,detection_v1,yolov8_det_v1,33,46.709,success
img_190,detection_v1,yolov8_det_v1,77,42.831,success
img_191,detection_v1,yolov8_det_v1,49,43.038,success
img_192,detection_v1,yolov8_det_v1,55,45.623,success
img_193,detection_v1,yolov8_det_v1,92,44.959,success
img_194,detection_v1,yolov8_det_v1,52,45.541,success
img_195,detection_v1,yolov8_det_v1,59,40.940,success
img_196,detection_v1,yolov8_det_v1,85,42.938,success
img_197,detection_v1,yolov8_det_v1,68,44.916,success
img_198,detection_v1,yolov8_det_v1,8,42.184,success
img_199,detection_v1,yolov8_det_v1,67,43.846,success
img_200,detection_v1,yolov8_det_v1,40,43.201,success
img_201,detection_v1,yolov8_det_v1,42,43.186,success
img_202,detection_v1,yolov8_det_v1,80,44.200,success
img_203,detection_v1,yolov8_det_v1,52,43.999,success
img_204,detection_v1,yolov8_det_v1,96,42.056,success
img_205,detection_v1,yolov8_det_v1,52,43.312,success
img_206,detection_v1,yolov8_det_v1,74,42.892,success
img_207,detection_v1,yolov8_det_v1,65,40.619,success
img_208,detection_v1,yolov8_det_v1,37,42.730,success
img_209,detection_v1,yolov8_det_v1,87,43.546,success
img_210,detection_v1,yolov8_det_v1,28,43.723,success
img_211,detection_v1,yolov8_det_v1,47,40.655,success
img_212,detection_v1,yolov8_det_v1,76,42.392,success
img_213,detection_v1,yolov8_det_v1,96,46.253,success
img_214,detection_v1,yolov8_det_v1,70,45.393,success
img_215,detection_v1,yolov8_det_v1,51,43.667,success
img_216,detection_v1,yolov8_det_v1,83,41.998,success
img_217,detection_v1,yolov8_det_v1,66,43.002,success
img_218,detection_v1,yolov8_det_v1,58,43.111,success
img_219,detection_v1,yolov8_det_v1,69,44.832,success
img_220,detection_v1,yolov8_det_v1,56,43.056,success
img_221,detection_v1,yolov8_det_v1,51,42.088,success
img_222,detection_v1,yolov8_det_v1,55,40.914,success
img_223,detection_v1,yolov8_det_v1,58,43.000,success
img_224,detection_v1,yolov8_det_v1,67,45.234,success
img_225,detection_v1,yolov8_det_v1,95,43.930,success
img_226,detection_v1,yolov8_det_v1,63,40.224,success
img_227,detection_v1,yolov8_det_v1,70,42.174,success
img_228,detection_v1,yolov8_det_v1,44,40.580,success
img_229,detection_v1,yolov8_det_v1,56,40.007,success
img_230,detection_v1,yolov8_det_v1,48,42.988,success
img_231,detection_v1,yolov8_det_v1,60,40.526,success
img_232,detection_v1,yolov8_det_v1,46,45.211,success
img_233,detection_v1,yolov8_det_v1,28,45.850,success
img_234,detection_v1,yolov8_det_v1,121,44.155,success
img_235,detection_v1,yolov8_det_v1,82,43.305,success
img_236,detection_v1,yolov8_det_v1,117,45.977,success
img_237,detection_v1,yolov8_det_v1,81,47.222,success
img_238,detection_v1,yolov8_det_v1,39,44.857,success
img_239,detection_v1,yolov8_det_v1,83,41.156,success
img_240,detection_v1,yolov8_det_v1,50,42.712,success
img_241,detection_v1,yolov8_det_v1,65,41.502,success
img_242,detection_v1,yolov8_det_v1,67,40.092,success
img_243,detection_v1,yolov8_det_v1,66,48.155,success
img_244,detection_v1,yolov8_det_v1,62,47.877,success
img_245,detection_v1,yolov8_det_v1,39,43.784,success
img_246,detection_v1,yolov8_det_v1,91,41.734,success
img_247,detection_v1,yolov8_det_v1,55,42.909,success
img_248,detection_v1,yolov8_det_v1,52,43.592,success
img_249,detection_v1,yolov8_det_v1,73,40.833,success
img_250,detection_v1,yolov8_det_v1,20,42.572,success
img_251,detection_v1,yolov8_det_v1,98,40.349,success
img_252,detection_v1,yolov8_det_v1,25,40.509,success
img_253,detection_v1,yolov8_det_v1,81,40.945,success
img_254,detection_v1,yolov8_det_v1,76,43.454,success
img_255,detection_v1,yolov8_det_v1,37,43.576,success
img_256,detection_v1,yolov8_det_v1,103,42.724,success
img_257,detection_v1,yolov8_det_v1,63,43.490,success
img_258,detection_v1,yolov8_det_v1,45,40.832,success
img_259,detection_v1,yolov8_det_v1,68,42.173,success
img_260,detection_v1,yolov8_det_v1,44,47.424,success
img_261,detection_v1,yolov8_det_v1,75,48.505,success
img_262,detection_v1,yolov8_det_v1,70,45.478,success
img_263,detection_v1,yolov8_det_v1,68,43.344,success
img_264,detection_v1,yolov8_det_v1,42,47.060,success
img_265,detection_v1,yolov8_det_v1,28,43.748,success
img_266,detection_v1,yolov8_det_v1,39,47.056,success
img_267,detection_v1,yolov8_det_v1,55,49.799,success
img_268,detection_v1,yolov8_det_v1,70,44.503,success
img_269,detection_v1,yolov8_det_v1,117,48.974,success
img_270,detection_v1,yolov8_det_v1,87,44.600,success
img_271,detection_v1,yolov8_det_v1,38,44.030,success
img_272,detection_v1,yolov8_det_v1,100,45.058,success
img_273,detection_v1,yolov8_det_v1,47,46.582,success
img_274,detection_v1,yolov8_det_v1,102,46.392,success
img_275,detection_v1,yolov8_det_v1,66,41.939,success
img_276,detection_v1,yolov8_det_v1,37,42.694,success
img_277,detection_v1,yolov8_det_v1,51,43.491,success
img_278,detection_v1,yolov8_det_v1,48,46.376,success
img_279,detection_v1,yolov8_det_v1,55,46.736,success
img_280,detection_v1,yolov8_det_v1,71,48.042,success
img_281,detection_v1,yolov8_det_v1,24,42.453,success
img_282,detection_v1,yolov8_det_v1,16,41.040,success
img_283,detection_v1,yolov8_det_v1,78,43.980,success
img_284,detection_v1,yolov8_det_v1,28,43.561,success
img_285,detection_v1,yolov8_det_v1,41,43.658,success
img_286,detection_v1,yolov8_det_v1,50,45.689,success
img_287,detection_v1,yolov8_det_v1,56,43.964,success
img_288,detection_v1,yolov8_det_v1,19,41.693,success
img_289,detection_v1,yolov8_det_v1,39,44.709,success
img_290,detection_v1,yolov8_det_v1,59,41.410,success
img_291,detection_v1,yolov8_det_v1,84,41.957,success
img_292,detection_v1,yolov8_det_v1,64,44.287,success
img_293,detection_v1,yolov8_det_v1,121,42.200,success
img_294,detection_v1,yolov8_det_v1,44,77.823,success
img_295,detection_v1,yolov8_det_v1,86,42.347,success
img_296,detection_v1,yolov8_det_v1,29,43.014,success
img_297,detection_v1,yolov8_det_v1,46,43.540,success
img_298,detection_v1,yolov8_det_v1,85,45.479,success
img_299,detection_v1,yolov8_det_v1,66,45.685,success
img_300,detection_v1,yolov8_det_v1,75,46.140,success
img_301,detection_v1,yolov8_det_v1,32,43.348,success
img_302,detection_v1,yolov8_det_v1,41,46.314,success
img_303,detection_v1,yolov8_det_v1,58,44.212,success
img_304,detection_v1,yolov8_det_v1,83,42.802,success
img_305,detection_v1,yolov8_det_v1,46,50.706,success
img_306,detection_v1,yolov8_det_v1,97,41.836,success
img_307,detection_v1,yolov8_det_v1,75,43.749,success
img_308,detection_v1,yolov8_det_v1,46,46.411,success
img_309,detection_v1,yolov8_det_v1,26,44.372,success
img_310,detection_v1,yolov8_det_v1,49,41.786,success
img_311,detection_v1,yolov8_det_v1,35,41.292,success
img_312,detection_v1,yolov8_det_v1,48,43.683,success
img_313,detection_v1,yolov8_det_v1,30,42.831,success
img_314,detection_v1,yolov8_det_v1,52,43.899,success
img_315,detection_v1,yolov8_det_v1,36,42.425,success
img_316,detection_v1,yolov8_det_v1,150,45.275,success
img_2,detection_v1,yolov11_det_v1,28,104.979,success
img_3,detection_v1,yolov11_det_v1,31,53.130,success
img_4,detection_v1,yolov11_det_v1,53,48.728,success
img_5,detection_v1,yolov11_det_v1,37,46.243,success
img_6,detection_v1,yolov11_det_v1,91,45.497,success
img_7,detection_v1,yolov11_det_v1,30,49.383,success
img_8,detection_v1,yolov11_det_v1,38,50.608,success
img_9,detection_v1,yolov11_det_v1,26,48.535,success
img_11,detection_v1,yolov11_det_v1,63,50.087,success
img_12,detection_v1,yolov11_det_v1,79,50.223,success
img_13,detection_v1,yolov11_det_v1,30,48.775,success
img_14,detection_v1,yolov11_det_v1,11,50.461,success
img_15,detection_v1,yolov11_det_v1,32,46.954,success
img_16,detection_v1,yolov11_det_v1,40,48.667,success
img_17,detection_v1,yolov11_det_v1,44,46.906,success
img_18,detection_v1,yolov11_det_v1,38,47.460,success
img_19,detection_v1,yolov11_det_v1,81,45.399,success
img_20,detection_v1,yolov11_det_v1,16,49.260,success
img_21,detection_v1,yolov11_det_v1,32,46.982,success
img_22,detection_v1,yolov11_det_v1,86,49.806,success
img_23,detection_v1,yolov11_det_v1,34,45.639,success
img_24,detection_v1,yolov11_det_v1,42,46.985,success
img_25,detection_v1,yolov11_det_v1,35,48.831,success
img_26,detection_v1,yolov11_det_v1,18,46.564,success
img_27,detection_v1,yolov11_det_v1,71,48.490,success
img_28,detection_v1,yolov11_det_v1,26,52.802,success
img_29,detection_v1,yolov11_det_v1,47,49.758,success
img_30,detection_v1,yolov11_det_v1,21,46.377,success
img_31,detection_v1,yolov11_det_v1,41,50.173,success
img_32,detection_v1,yolov11_det_v1,34,50.349,success
img_33,detection_v1,yolov11_det_v1,45,52.934,success
img_34,detection_v1,yolov11_det_v1,31,46.720,success
img_35,detection_v1,yolov11_det_v1,66,50.311,success
img_36,detection_v1,yolov11_det_v1,32,50.979,success
img_37,detection_v1,yolov11_det_v1,23,51.600,success
img_38,detection_v1,yolov11_det_v1,39,50.920,success
img_39,detection_v1,yolov11_det_v1,31,48.739,success
img_40,detection_v1,yolov11_det_v1,39,51.132,success
img_41,detection_v1,yolov11_det_v1,17,48.433,success
img_42,detection_v1,yolov11_det_v1,37,47.194,success
img_43,detection_v1,yolov11_det_v1,46,49.716,success
img_44,detection_v1,yolov11_det_v1,16,46.774,success
img_45,detection_v1,yolov11_det_v1,61,46.760,success
img_46,detection_v1,yolov11_det_v1,28,50.214,success
img_47,detection_v1,yolov11_det_v1,42,50.142,success
img_48,detection_v1,yolov11_det_v1,39,48.055,success
img_49,detection_v1,yolov11_det_v1,20,44.761,success
img_50,detection_v1,yolov11_det_v1,72,49.345,success
img_51,detection_v1,yolov11_det_v1,67,49.723,success
img_52,detection_v1,yolov11_det_v1,23,47.439,success
img_53,detection_v1,yolov11_det_v1,28,52.529,success
img_54,detection_v1,yolov11_det_v1,23,47.357,success
img_55,detection_v1,yolov11_det_v1,53,50.820,success
img_56,detection_v1,yolov11_det_v1,19,49.393,success
img_57,detection_v1,yolov11_det_v1,46,50.575,success
img_58,detection_v1,yolov11_det_v1,52,45.463,success
img_59,detection_v1,yolov11_det_v1,27,49.483,success
img_60,detection_v1,yolov11_det_v1,18,50.698,success
img_61,detection_v1,yolov11_det_v1,107,47.630,success
img_62,detection_v1,yolov11_det_v1,69,50.275,success
img_63,detection_v1,yolov11_det_v1,29,49.212,success
img_64,detection_v1,yolov11_det_v1,30,49.916,success
img_65,detection_v1,yolov11_det_v1,68,49.977,success
img_66,detection_v1,yolov11_det_v1,50,44.932,success
img_67,detection_v1,yolov11_det_v1,21,47.667,success
img_68,detection_v1,yolov11_det_v1,40,51.374,success
img_69,detection_v1,yolov11_det_v1,59,49.326,success
img_70,detection_v1,yolov11_det_v1,30,46.155,success
img_71,detection_v1,yolov11_det_v1,78,53.110,success
img_72,detection_v1,yolov11_det_v1,24,47.791,success
img_73,detection_v1,yolov11_det_v1,60,48.828,success
img_74,detection_v1,yolov11_det_v1,21,51.158,success
img_75,detection_v1,yolov11_det_v1,58,47.346,success
img_76,detection_v1,yolov11_det_v1,43,45.353,success
img_77,detection_v1,yolov11_det_v1,31,51.099,success
img_78,detection_v1,yolov11_det_v1,53,51.959,success
img_79,detection_v1,yolov11_det_v1,43,49.148,success
img_80,detection_v1,yolov11_det_v1,49,45.540,success
img_81,detection_v1,yolov11_det_v1,36,47.478,success
img_82,detection_v1,yolov11_det_v1,23,44.555,success
img_83,detection_v1,yolov11_det_v1,25,47.862,success
img_84,detection_v1,yolov11_det_v1,27,48.901,success
img_85,detection_v1,yolov11_det_v1,36,45.719,success
img_86,detection_v1,yolov11_det_v1,23,47.367,success
img_87,detection_v1,yolov11_det_v1,32,47.498,success
img_88,detection_v1,yolov11_det_v1,29,51.943,success
img_89,detection_v1,yolov11_det_v1,17,49.401,success
img_90,detection_v1,yolov11_det_v1,56,48.751,success
img_91,detection_v1,yolov11_det_v1,40,46.883,success
img_92,detection_v1,yolov11_det_v1,46,44.480,success
img_93,detection_v1,yolov11_det_v1,71,51.147,success
img_94,detection_v1,yolov11_det_v1,28,49.205,success
img_95,detection_v1,yolov11_det_v1,30,45.944,success
img_96,detection_v1,yolov11_det_v1,71,49.578,success
img_97,detection_v1,yolov11_det_v1,28,50.218,success
img_98,detection_v1,yolov11_det_v1,78,51.244,success
img_99,detection_v1,yolov11_det_v1,45,48.870,success
img_104,detection_v1,yolov11_det_v1,32,49.071,success
img_108,detection_v1,yolov11_det_v1,79,46.469,success
img_110,detection_v1,yolov11_det_v1,53,47.795,success
img_113,detection_v1,yolov11_det_v1,32,53.917,success
img_115,detection_v1,yolov11_det_v1,25,46.319,success
img_119,detection_v1,yolov11_det_v1,55,48.118,success
img_121,detection_v1,yolov11_det_v1,54,52.332,success
img_122,detection_v1,yolov11_det_v1,28,49.381,success
img_123,detection_v1,yolov11_det_v1,28,48.399,success
img_124,detection_v1,yolov11_det_v1,40,46.213,success
img_125,detection_v1,yolov11_det_v1,43,48.718,success
img_126,detection_v1,yolov11_det_v1,33,47.823,success
img_127,detection_v1,yolov11_det_v1,37,46.385,success
img_129,detection_v1,yolov11_det_v1,69,47.594,success
img_130,detection_v1,yolov11_det_v1,61,49.091,success
img_131,detection_v1,yolov11_det_v1,69,49.690,success
img_132,detection_v1,yolov11_det_v1,39,48.945,success
img_133,detection_v1,yolov11_det_v1,41,52.148,success
img_134,detection_v1,yolov11_det_v1,76,50.936,success
img_135,detection_v1,yolov11_det_v1,41,50.900,success
img_136,detection_v1,yolov11_det_v1,53,50.921,success
img_137,detection_v1,yolov11_det_v1,82,49.504,success
img_138,detection_v1,yolov11_det_v1,53,47.528,success
img_139,detection_v1,yolov11_det_v1,57,46.204,success
img_140,detection_v1,yolov11_det_v1,34,48.640,success
img_141,detection_v1,yolov11_det_v1,21,48.909,success
img_142,detection_v1,yolov11_det_v1,15,50.121,success
img_143,detection_v1,yolov11_det_v1,105,51.228,success
img_144,detection_v1,yolov11_det_v1,26,54.103,success
img_145,detection_v1,yolov11_det_v1,55,50.711,success
img_146,detection_v1,yolov11_det_v1,43,46.056,success
img_147,detection_v1,yolov11_det_v1,73,46.478,success
img_148,detection_v1,yolov11_det_v1,93,46.578,success
img_149,detection_v1,yolov11_det_v1,35,47.160,success
img_150,detection_v1,yolov11_det_v1,42,49.357,success
img_151,detection_v1,yolov11_det_v1,35,47.633,success
img_152,detection_v1,yolov11_det_v1,79,50.004,success
img_153,detection_v1,yolov11_det_v1,86,48.211,success
img_154,detection_v1,yolov11_det_v1,57,48.371,success
img_155,detection_v1,yolov11_det_v1,35,51.781,success
img_156,detection_v1,yolov11_det_v1,27,46.432,success
img_157,detection_v1,yolov11_det_v1,20,51.903,success
img_158,detection_v1,yolov11_det_v1,50,51.610,success
img_159,detection_v1,yolov11_det_v1,62,51.489,success
img_160,detection_v1,yolov11_det_v1,51,48.197,success
img_161,detection_v1,yolov11_det_v1,33,45.178,success
img_162,detection_v1,yolov11_det_v1,28,44.916,success
img_163,detection_v1,yolov11_det_v1,45,48.003,success
img_164,detection_v1,yolov11_det_v1,48,47.006,success
img_165,detection_v1,yolov11_det_v1,40,50.633,success
img_166,detection_v1,yolov11_det_v1,76,45.471,success
img_167,detection_v1,yolov11_det_v1,25,45.446,success
img_168,detection_v1,yolov11_det_v1,29,50.898,success
img_169,detection_v1,yolov11_det_v1,60,51.389,success
img_170,detection_v1,yolov11_det_v1,107,44.906,success
img_171,detection_v1,yolov11_det_v1,14,51.132,success
img_172,detection_v1,yolov11_det_v1,9,47.233,success
img_173,detection_v1,yolov11_det_v1,27,49.016,success
img_174,detection_v1,yolov11_det_v1,54,54.276,success
img_175,detection_v1,yolov11_det_v1,33,48.071,success
img_176,detection_v1,yolov11_det_v1,35,49.071,success
img_177,detection_v1,yolov11_det_v1,18,48.348,success
img_178,detection_v1,yolov11_det_v1,21,49.952,success
img_179,detection_v1,yolov11_det_v1,44,50.490,success
img_180,detection_v1,yolov11_det_v1,35,51.880,success
img_181,detection_v1,yolov11_det_v1,25,47.360,success
img_182,detection_v1,yolov11_det_v1,77,48.367,success
img_183,detection_v1,yolov11_det_v1,44,47.412,success
img_184,detection_v1,yolov11_det_v1,61,48.485,success
img_185,detection_v1,yolov11_det_v1,43,48.932,success
img_186,detection_v1,yolov11_det_v1,58,49.908,success
img_187,detection_v1,yolov11_det_v1,30,50.211,success
img_188,detection_v1,yolov11_det_v1,34,51.089,success
img_189,detection_v1,yolov11_det_v1,21,49.934,success
img_190,detection_v1,yolov11_det_v1,62,50.625,success
img_191,detection_v1,yolov11_det_v1,37,52.774,success
img_192,detection_v1,yolov11_det_v1,41,51.814,success
img_193,detection_v1,yolov11_det_v1,61,48.764,success
img_194,detection_v1,yolov11_det_v1,29,56.366,success
img_195,detection_v1,yolov11_det_v1,44,53.368,success
img_196,detection_v1,yolov11_det_v1,62,50.050,success
img_197,detection_v1,yolov11_det_v1,43,48.880,success
img_198,detection_v1,yolov11_det_v1,7,47.834,success
img_199,detection_v1,yolov11_det_v1,64,51.635,success
img_200,detection_v1,yolov11_det_v1,28,48.113,success
img_201,detection_v1,yolov11_det_v1,40,45.455,success
img_202,detection_v1,yolov11_det_v1,58,49.432,success
img_203,detection_v1,yolov11_det_v1,36,47.426,success
img_204,detection_v1,yolov11_det_v1,62,46.161,success
img_205,detection_v1,yolov11_det_v1,39,47.607,success
img_206,detection_v1,yolov11_det_v1,54,49.404,success
img_207,detection_v1,yolov11_det_v1,52,49.247,success
img_208,detection_v1,yolov11_det_v1,29,49.754,success
img_209,detection_v1,yolov11_det_v1,57,46.365,success
img_210,detection_v1,yolov11_det_v1,23,49.989,success
img_211,detection_v1,yolov11_det_v1,28,49.974,success
img_212,detection_v1,yolov11_det_v1,56,48.274,success
img_213,detection_v1,yolov11_det_v1,53,51.002,success
img_214,detection_v1,yolov11_det_v1,38,53.034,success
img_215,detection_v1,yolov11_det_v1,40,51.009,success
img_216,detection_v1,yolov11_det_v1,59,47.707,success
img_217,detection_v1,yolov11_det_v1,37,46.661,success
img_218,detection_v1,yolov11_det_v1,35,50.582,success
img_219,detection_v1,yolov11_det_v1,56,50.358,success
img_220,detection_v1,yolov11_det_v1,41,48.946,success
img_221,detection_v1,yolov11_det_v1,35,45.951,success
img_222,detection_v1,yolov11_det_v1,42,47.200,success
img_223,detection_v1,yolov11_det_v1,50,47.089,success
img_224,detection_v1,yolov11_det_v1,42,45.173,success
img_225,detection_v1,yolov11_det_v1,55,47.787,success
img_226,detection_v1,yolov11_det_v1,50,47.379,success
img_227,detection_v1,yolov11_det_v1,54,46.633,success
img_228,detection_v1,yolov11_det_v1,37,47.262,success
img_229,detection_v1,yolov11_det_v1,42,50.133,success
img_230,detection_v1,yolov11_det_v1,42,48.657,success
img_231,detection_v1,yolov11_det_v1,42,48.614,success
img_232,detection_v1,yolov11_det_v1,29,45.809,success
img_233,detection_v1,yolov11_det_v1,26,46.677,success
img_234,detection_v1,yolov11_det_v1,67,48.759,success
img_235,detection_v1,yolov11_det_v1,52,52.256,success
img_236,detection_v1,yolov11_det_v1,90,53.016,success
img_237,detection_v1,yolov11_det_v1,61,49.258,success
img_238,detection_v1,yolov11_det_v1,20,46.190,success
img_239,detection_v1,yolov11_det_v1,49,46.779,success
img_240,detection_v1,yolov11_det_v1,33,45.369,success
img_241,detection_v1,yolov11_det_v1,44,46.672,success
img_242,detection_v1,yolov11_det_v1,39,46.845,success
img_243,detection_v1,yolov11_det_v1,39,45.763,success
img_244,detection_v1,yolov11_det_v1,37,48.905,success
img_245,detection_v1,yolov11_det_v1,21,45.716,success
img_246,detection_v1,yolov11_det_v1,58,48.767,success
img_247,detection_v1,yolov11_det_v1,33,48.926,success
img_248,detection_v1,yolov11_det_v1,44,47.787,success
img_249,detection_v1,yolov11_det_v1,59,48.498,success
img_250,detection_v1,yolov11_det_v1,17,47.953,success
img_251,detection_v1,yolov11_det_v1,50,47.604,success
img_252,detection_v1,yolov11_det_v1,19,48.025,success
img_253,detection_v1,yolov11_det_v1,58,49.377,success
img_254,detection_v1,yolov11_det_v1,65,44.772,success
img_255,detection_v1,yolov11_det_v1,24,49.168,success
img_256,detection_v1,yolov11_det_v1,70,52.036,success
img_257,detection_v1,yolov11_det_v1,43,56.303,success
img_258,detection_v1,yolov11_det_v1,31,47.140,success
img_259,detection_v1,yolov11_det_v1,51,48.769,success
img_260,detection_v1,yolov11_det_v1,33,50.408,success
img_261,detection_v1,yolov11_det_v1,49,50.976,success
img_262,detection_v1,yolov11_det_v1,65,46.904,success
img_263,detection_v1,yolov11_det_v1,55,45.703,success
img_264,detection_v1,yolov11_det_v1,31,45.434,success
img_265,detection_v1,yolov11_det_v1,17,46.943,success
img_266,detection_v1,yolov11_det_v1,29,48.161,success
img_267,detection_v1,yolov11_det_v1,33,49.498,success
img_268,detection_v1,yolov11_det_v1,48,50.929,success
img_269,detection_v1,yolov11_det_v1,84,49.279,success
img_270,detection_v1,yolov11_det_v1,63,49.937,success
img_271,detection_v1,yolov11_det_v1,26,49.287,success
img_272,detection_v1,yolov11_det_v1,93,46.081,success
img_273,detection_v1,yolov11_det_v1,33,47.626,success
img_274,detection_v1,yolov11_det_v1,69,46.204,success
img_275,detection_v1,yolov11_det_v1,48,48.561,success
img_276,detection_v1,yolov11_det_v1,22,46.447,success
img_277,detection_v1,yolov11_det_v1,44,50.608,success
img_278,detection_v1,yolov11_det_v1,30,50.962,success
img_279,detection_v1,yolov11_det_v1,31,50.204,success
img_280,detection_v1,yolov11_det_v1,54,47.886,success
img_281,detection_v1,yolov11_det_v1,23,46.173,success
img_282,detection_v1,yolov11_det_v1,10,50.585,success
img_283,detection_v1,yolov11_det_v1,67,48.097,success
img_284,detection_v1,yolov11_det_v1,22,47.465,success
img_285,detection_v1,yolov11_det_v1,25,49.388,success
img_286,detection_v1,yolov11_det_v1,32,49.450,success
img_287,detection_v1,yolov11_det_v1,47,51.304,success
img_288,detection_v1,yolov11_det_v1,8,48.553,success
img_289,detection_v1,yolov11_det_v1,21,49.290,success
img_290,detection_v1,yolov11_det_v1,36,45.870,success
img_291,detection_v1,yolov11_det_v1,56,48.862,success
img_292,detection_v1,yolov11_det_v1,46,47.879,success
img_293,detection_v1,yolov11_det_v1,98,53.685,success
img_294,detection_v1,yolov11_det_v1,32,54.862,success
img_295,detection_v1,yolov11_det_v1,55,48.306,success
img_296,detection_v1,yolov11_det_v1,15,46.391,success
img_297,detection_v1,yolov11_det_v1,34,46.277,success
img_298,detection_v1,yolov11_det_v1,61,52.185,success
img_299,detection_v1,yolov11_det_v1,48,50.371,success
img_300,detection_v1,yolov11_det_v1,48,47.735,success
img_301,detection_v1,yolov11_det_v1,21,48.795,success
img_302,detection_v1,yolov11_det_v1,31,48.824,success
img_303,detection_v1,yolov11_det_v1,43,49.114,success
img_304,detection_v1,yolov11_det_v1,42,50.573,success
img_305,detection_v1,yolov11_det_v1,37,56.536,success
img_306,detection_v1,yolov11_det_v1,74,55.096,success
img_307,detection_v1,yolov11_det_v1,32,50.492,success
img_308,detection_v1,yolov11_det_v1,35,50.402,success
img_309,detection_v1,yolov11_det_v1,25,46.224,success
img_310,detection_v1,yolov11_det_v1,25,50.343,success
img_311,detection_v1,yolov11_det_v1,32,49.880,success
img_312,detection_v1,yolov11_det_v1,34,54.550,success
img_313,detection_v1,yolov11_det_v1,23,48.579,success
img_314,detection_v1,yolov11_det_v1,35,48.285,success
img_315,detection_v1,yolov11_det_v1,18,50.682,success
img_316,detection_v1,yolov11_det_v1,130,49.955,success
img_2,detection_v1,rtdetr_det_v1,60,4473.515,success
img_3,detection_v1,rtdetr_det_v1,74,452.385,success
img_4,detection_v1,rtdetr_det_v1,109,464.904,success
img_5,detection_v1,rtdetr_det_v1,90,452.288,success
img_6,detection_v1,rtdetr_det_v1,167,456.794,success
img_7,detection_v1,rtdetr_det_v1,68,449.875,success
img_8,detection_v1,rtdetr_det_v1,62,445.077,success
img_9,detection_v1,rtdetr_det_v1,52,451.085,success
img_11,detection_v1,rtdetr_det_v1,170,450.141,success
img_12,detection_v1,rtdetr_det_v1,231,455.308,success
img_13,detection_v1,rtdetr_det_v1,69,452.541,success
img_14,detection_v1,rtdetr_det_v1,23,449.319,success
img_15,detection_v1,rtdetr_det_v1,77,452.538,success
img_16,detection_v1,rtdetr_det_v1,103,448.772,success
img_17,detection_v1,rtdetr_det_v1,111,442.993,success
img_18,detection_v1,rtdetr_det_v1,127,446.924,success
img_19,detection_v1,rtdetr_det_v1,220,457.611,success
img_20,detection_v1,rtdetr_det_v1,22,447.484,success
img_21,detection_v1,rtdetr_det_v1,93,447.525,success
img_22,detection_v1,rtdetr_det_v1,166,449.717,success
img_23,detection_v1,rtdetr_det_v1,120,458.541,success
img_24,detection_v1,rtdetr_det_v1,98,452.772,success
img_25,detection_v1,rtdetr_det_v1,117,457.765,success
img_26,detection_v1,rtdetr_det_v1,46,443.095,success
img_27,detection_v1,rtdetr_det_v1,164,449.888,success
img_28,detection_v1,rtdetr_det_v1,82,449.633,success
img_29,detection_v1,rtdetr_det_v1,110,444.990,success
img_30,detection_v1,rtdetr_det_v1,59,447.096,success
img_31,detection_v1,rtdetr_det_v1,168,446.961,success
img_32,detection_v1,rtdetr_det_v1,63,450.269,success
img_33,detection_v1,rtdetr_det_v1,133,453.720,success
img_34,detection_v1,rtdetr_det_v1,44,447.814,success
img_35,detection_v1,rtdetr_det_v1,146,453.501,success
img_36,detection_v1,rtdetr_det_v1,104,451.126,success
img_37,detection_v1,rtdetr_det_v1,68,446.544,success
img_38,detection_v1,rtdetr_det_v1,94,451.629,success
img_39,detection_v1,rtdetr_det_v1,57,453.197,success
img_40,detection_v1,rtdetr_det_v1,125,448.457,success
img_41,detection_v1,rtdetr_det_v1,34,447.469,success
img_42,detection_v1,rtdetr_det_v1,60,452.876,success
img_43,detection_v1,rtdetr_det_v1,125,447.247,success
img_44,detection_v1,rtdetr_det_v1,32,442.367,success
img_45,detection_v1,rtdetr_det_v1,123,451.383,success
img_46,detection_v1,rtdetr_det_v1,86,458.534,success
img_47,detection_v1,rtdetr_det_v1,96,458.203,success
img_48,detection_v1,rtdetr_det_v1,102,448.713,success
img_49,detection_v1,rtdetr_det_v1,53,449.084,success
img_50,detection_v1,rtdetr_det_v1,171,450.005,success
img_51,detection_v1,rtdetr_det_v1,199,452.436,success
img_52,detection_v1,rtdetr_det_v1,35,452.208,success
img_53,detection_v1,rtdetr_det_v1,78,457.412,success
img_54,detection_v1,rtdetr_det_v1,77,455.747,success
img_55,detection_v1,rtdetr_det_v1,164,467.054,success
img_56,detection_v1,rtdetr_det_v1,55,448.914,success
img_57,detection_v1,rtdetr_det_v1,96,448.694,success
img_58,detection_v1,rtdetr_det_v1,113,461.361,success
img_59,detection_v1,rtdetr_det_v1,49,448.427,success
img_60,detection_v1,rtdetr_det_v1,45,464.620,success
img_61,detection_v1,rtdetr_det_v1,223,455.748,success
img_62,detection_v1,rtdetr_det_v1,151,448.876,success
img_63,detection_v1,rtdetr_det_v1,71,444.983,success
img_64,detection_v1,rtdetr_det_v1,65,457.903,success
img_65,detection_v1,rtdetr_det_v1,177,466.853,success
img_66,detection_v1,rtdetr_det_v1,152,495.767,success
img_67,detection_v1,rtdetr_det_v1,87,491.706,success
img_68,detection_v1,rtdetr_det_v1,78,462.641,success
img_69,detection_v1,rtdetr_det_v1,93,454.854,success
img_70,detection_v1,rtdetr_det_v1,85,474.876,success
img_71,detection_v1,rtdetr_det_v1,162,446.609,success
img_72,detection_v1,rtdetr_det_v1,70,449.935,success
img_73,detection_v1,rtdetr_det_v1,99,471.313,success
img_74,detection_v1,rtdetr_det_v1,105,465.409,success
img_75,detection_v1,rtdetr_det_v1,183,464.469,success
img_76,detection_v1,rtdetr_det_v1,117,473.168,success
img_77,detection_v1,rtdetr_det_v1,142,483.809,success
img_78,detection_v1,rtdetr_det_v1,188,456.329,success
img_79,detection_v1,rtdetr_det_v1,86,445.523,success
img_80,detection_v1,rtdetr_det_v1,217,458.705,success
img_81,detection_v1,rtdetr_det_v1,102,451.983,success
img_82,detection_v1,rtdetr_det_v1,63,457.715,success
img_83,detection_v1,rtdetr_det_v1,66,446.125,success
img_84,detection_v1,rtdetr_det_v1,67,447.636,success
img_85,detection_v1,rtdetr_det_v1,73,448.706,success
img_86,detection_v1,rtdetr_det_v1,67,448.491,success
img_87,detection_v1,rtdetr_det_v1,67,450.048,success
img_88,detection_v1,rtdetr_det_v1,85,445.967,success
img_89,detection_v1,rtdetr_det_v1,31,457.362,success
img_90,detection_v1,rtdetr_det_v1,163,456.853,success
img_91,detection_v1,rtdetr_det_v1,95,468.780,success
img_92,detection_v1,rtdetr_det_v1,72,439.966,success
img_93,detection_v1,rtdetr_det_v1,173,453.685,success
img_94,detection_v1,rtdetr_det_v1,70,453.777,success
img_95,detection_v1,rtdetr_det_v1,73,447.448,success
img_96,detection_v1,rtdetr_det_v1,168,459.421,success
img_97,detection_v1,rtdetr_det_v1,79,445.588,success
img_98,detection_v1,rtdetr_det_v1,178,452.216,success
img_99,detection_v1,rtdetr_det_v1,104,440.205,success
img_104,detection_v1,rtdetr_det_v1,65,461.265,success
img_108,detection_v1,rtdetr_det_v1,119,460.265,success
img_110,detection_v1,rtdetr_det_v1,127,456.528,success
img_113,detection_v1,rtdetr_det_v1,54,451.212,success
img_115,detection_v1,rtdetr_det_v1,71,450.678,success
img_119,detection_v1,rtdetr_det_v1,100,456.163,success
img_121,detection_v1,rtdetr_det_v1,127,451.772,success
img_122,detection_v1,rtdetr_det_v1,58,447.518,success
img_123,detection_v1,rtdetr_det_v1,51,449.044,success
img_124,detection_v1,rtdetr_det_v1,93,452.629,success
img_125,detection_v1,rtdetr_det_v1,70,451.319,success
img_126,detection_v1,rtdetr_det_v1,78,445.616,success
img_127,detection_v1,rtdetr_det_v1,95,443.828,success
img_129,detection_v1,rtdetr_det_v1,125,444.243,success
img_130,detection_v1,rtdetr_det_v1,86,458.478,success
img_131,detection_v1,rtdetr_det_v1,110,443.576,success
img_132,detection_v1,rtdetr_det_v1,124,447.348,success
img_133,detection_v1,rtdetr_det_v1,139,449.378,success
img_134,detection_v1,rtdetr_det_v1,102,458.743,success
img_135,detection_v1,rtdetr_det_v1,93,455.511,success
img_136,detection_v1,rtdetr_det_v1,139,455.057,success
img_137,detection_v1,rtdetr_det_v1,163,441.929,success
img_138,detection_v1,rtdetr_det_v1,118,452.855,success
img_139,detection_v1,rtdetr_det_v1,135,450.839,success
img_140,detection_v1,rtdetr_det_v1,100,451.649,success
img_141,detection_v1,rtdetr_det_v1,54,462.832,success
img_142,detection_v1,rtdetr_det_v1,47,447.908,success
img_143,detection_v1,rtdetr_det_v1,182,447.797,success
img_144,detection_v1,rtdetr_det_v1,68,445.683,success
img_145,detection_v1,rtdetr_det_v1,105,447.784,success
img_146,detection_v1,rtdetr_det_v1,87,450.688,success
img_147,detection_v1,rtdetr_det_v1,200,458.142,success
img_148,detection_v1,rtdetr_det_v1,198,449.875,success
img_149,detection_v1,rtdetr_det_v1,89,444.042,success
img_150,detection_v1,rtdetr_det_v1,124,455.769,success
img_151,detection_v1,rtdetr_det_v1,76,440.331,success
img_152,detection_v1,rtdetr_det_v1,242,458.640,success
img_153,detection_v1,rtdetr_det_v1,214,449.891,success
img_154,detection_v1,rtdetr_det_v1,204,453.036,success
img_155,detection_v1,rtdetr_det_v1,133,443.098,success
img_156,detection_v1,rtdetr_det_v1,62,454.686,success
img_157,detection_v1,rtdetr_det_v1,54,451.264,success
img_158,detection_v1,rtdetr_det_v1,85,452.794,success
img_159,detection_v1,rtdetr_det_v1,197,446.782,success
img_160,detection_v1,rtdetr_det_v1,109,446.060,success
img_161,detection_v1,rtdetr_det_v1,58,450.120,success
img_162,detection_v1,rtdetr_det_v1,60,448.672,success
img_163,detection_v1,rtdetr_det_v1,82,451.430,success
img_164,detection_v1,rtdetr_det_v1,114,445.914,success
img_165,detection_v1,rtdetr_det_v1,81,451.550,success
img_166,detection_v1,rtdetr_det_v1,153,454.053,success
img_167,detection_v1,rtdetr_det_v1,106,435.992,success
img_168,detection_v1,rtdetr_det_v1,74,449.999,success
img_169,detection_v1,rtdetr_det_v1,134,455.274,success
img_170,detection_v1,rtdetr_det_v1,215,451.882,success
img_171,detection_v1,rtdetr_det_v1,28,452.916,success
img_172,detection_v1,rtdetr_det_v1,16,448.812,success
img_173,detection_v1,rtdetr_det_v1,87,447.973,success
img_174,detection_v1,rtdetr_det_v1,122,456.041,success
img_175,detection_v1,rtdetr_det_v1,74,456.111,success
img_176,detection_v1,rtdetr_det_v1,170,453.301,success
img_177,detection_v1,rtdetr_det_v1,29,451.016,success
img_178,detection_v1,rtdetr_det_v1,46,446.196,success
img_179,detection_v1,rtdetr_det_v1,102,450.323,success
img_180,detection_v1,rtdetr_det_v1,117,449.933,success
img_181,detection_v1,rtdetr_det_v1,58,454.418,success
img_182,detection_v1,rtdetr_det_v1,168,445.743,success
img_183,detection_v1,rtdetr_det_v1,153,456.998,success
img_184,detection_v1,rtdetr_det_v1,166,441.196,success
img_185,detection_v1,rtdetr_det_v1,104,450.825,success
img_186,detection_v1,rtdetr_det_v1,119,452.766,success
img_187,detection_v1,rtdetr_det_v1,114,449.358,success
img_188,detection_v1,rtdetr_det_v1,82,450.093,success
img_189,detection_v1,rtdetr_det_v1,62,455.930,success
img_190,detection_v1,rtdetr_det_v1,103,455.320,success
img_191,detection_v1,rtdetr_det_v1,158,451.641,success
img_192,detection_v1,rtdetr_det_v1,75,456.764,success
img_193,detection_v1,rtdetr_det_v1,145,443.492,success
img_194,detection_v1,rtdetr_det_v1,131,449.502,success
img_195,detection_v1,rtdetr_det_v1,94,449.118,success
img_196,detection_v1,rtdetr_det_v1,119,460.254,success
img_197,detection_v1,rtdetr_det_v1,96,454.300,success
img_198,detection_v1,rtdetr_det_v1,16,455.863,success
img_199,detection_v1,rtdetr_det_v1,83,453.072,success
img_200,detection_v1,rtdetr_det_v1,60,444.110,success
img_201,detection_v1,rtdetr_det_v1,100,453.906,success
img_202,detection_v1,rtdetr_det_v1,180,468.017,success
img_203,detection_v1,rtdetr_det_v1,115,476.767,success
img_204,detection_v1,rtdetr_det_v1,146,477.506,success
img_205,detection_v1,rtdetr_det_v1,73,451.630,success
img_206,detection_v1,rtdetr_det_v1,113,451.070,success
img_207,detection_v1,rtdetr_det_v1,102,470.909,success
img_208,detection_v1,rtdetr_det_v1,75,459.965,success
img_209,detection_v1,rtdetr_det_v1,120,451.392,success
img_210,detection_v1,rtdetr_det_v1,43,447.151,success
img_211,detection_v1,rtdetr_det_v1,56,450.074,success
img_212,detection_v1,rtdetr_det_v1,131,448.536,success
img_213,detection_v1,rtdetr_det_v1,197,448.634,success
img_214,detection_v1,rtdetr_det_v1,146,450.799,success
img_215,detection_v1,rtdetr_det_v1,65,453.274,success
img_216,detection_v1,rtdetr_det_v1,147,451.237,success
img_217,detection_v1,rtdetr_det_v1,118,449.879,success
img_218,detection_v1,rtdetr_det_v1,91,454.171,success
img_219,detection_v1,rtdetr_det_v1,204,456.937,success
img_220,detection_v1,rtdetr_det_v1,80,456.599,success
img_221,detection_v1,rtdetr_det_v1,89,476.361,success
img_222,detection_v1,rtdetr_det_v1,114,476.877,success
img_223,detection_v1,rtdetr_det_v1,117,462.619,success
img_224,detection_v1,rtdetr_det_v1,141,466.926,success
img_225,detection_v1,rtdetr_det_v1,198,485.533,success
img_226,detection_v1,rtdetr_det_v1,113,466.743,success
img_227,detection_v1,rtdetr_det_v1,93,454.719,success
img_228,detection_v1,rtdetr_det_v1,113,442.304,success
img_229,detection_v1,rtdetr_det_v1,92,445.726,success
img_230,detection_v1,rtdetr_det_v1,103,450.358,success
img_231,detection_v1,rtdetr_det_v1,81,455.222,success
img_232,detection_v1,rtdetr_det_v1,109,447.250,success
img_233,detection_v1,rtdetr_det_v1,52,445.066,success
img_234,detection_v1,rtdetr_det_v1,184,461.938,success
img_235,detection_v1,rtdetr_det_v1,182,454.436,success
img_236,detection_v1,rtdetr_det_v1,154,450.298,success
img_237,detection_v1,rtdetr_det_v1,158,439.358,success
img_238,detection_v1,rtdetr_det_v1,55,458.145,success
img_239,detection_v1,rtdetr_det_v1,116,450.248,success
img_240,detection_v1,rtdetr_det_v1,89,454.424,success
img_241,detection_v1,rtdetr_det_v1,88,456.493,success
img_242,detection_v1,rtdetr_det_v1,157,455.240,success
img_243,detection_v1,rtdetr_det_v1,144,457.757,success
img_244,detection_v1,rtdetr_det_v1,107,456.823,success
img_245,detection_v1,rtdetr_det_v1,74,446.998,success
img_246,detection_v1,rtdetr_det_v1,177,448.496,success
img_247,detection_v1,rtdetr_det_v1,100,457.004,success
img_248,detection_v1,rtdetr_det_v1,89,442.910,success
img_249,detection_v1,rtdetr_det_v1,106,461.160,success
img_250,detection_v1,rtdetr_det_v1,27,443.360,success
img_251,detection_v1,rtdetr_det_v1,185,449.264,success
img_252,detection_v1,rtdetr_det_v1,31,457.362,success
img_253,detection_v1,rtdetr_det_v1,145,451.887,success
img_254,detection_v1,rtdetr_det_v1,110,460.278,success
img_255,detection_v1,rtdetr_det_v1,62,447.828,success
img_256,detection_v1,rtdetr_det_v1,175,462.431,success
img_257,detection_v1,rtdetr_det_v1,141,455.209,success
img_258,detection_v1,rtdetr_det_v1,75,452.335,success
img_259,detection_v1,rtdetr_det_v1,112,456.808,success
img_260,detection_v1,rtdetr_det_v1,54,450.375,success
img_261,detection_v1,rtdetr_det_v1,139,449.951,success
img_262,detection_v1,rtdetr_det_v1,106,448.263,success
img_263,detection_v1,rtdetr_det_v1,101,449.519,success
img_264,detection_v1,rtdetr_det_v1,72,453.431,success
img_265,detection_v1,rtdetr_det_v1,40,450.745,success
img_266,detection_v1,rtdetr_det_v1,75,451.462,success
img_267,detection_v1,rtdetr_det_v1,80,449.063,success
img_268,detection_v1,rtdetr_det_v1,103,451.300,success
img_269,detection_v1,rtdetr_det_v1,205,451.136,success
img_270,detection_v1,rtdetr_det_v1,152,454.495,success
img_271,detection_v1,rtdetr_det_v1,66,450.380,success
img_272,detection_v1,rtdetr_det_v1,135,448.895,success
img_273,detection_v1,rtdetr_det_v1,78,451.451,success
img_274,detection_v1,rtdetr_det_v1,147,456.748,success
img_275,detection_v1,rtdetr_det_v1,109,448.926,success
img_276,detection_v1,rtdetr_det_v1,67,458.607,success
img_277,detection_v1,rtdetr_det_v1,87,443.041,success
img_278,detection_v1,rtdetr_det_v1,78,460.206,success
img_279,detection_v1,rtdetr_det_v1,124,446.559,success
img_280,detection_v1,rtdetr_det_v1,91,449.907,success
img_281,detection_v1,rtdetr_det_v1,103,450.145,success
img_282,detection_v1,rtdetr_det_v1,33,447.290,success
img_283,detection_v1,rtdetr_det_v1,173,460.289,success
img_284,detection_v1,rtdetr_det_v1,37,450.872,success
img_285,detection_v1,rtdetr_det_v1,80,450.606,success
img_286,detection_v1,rtdetr_det_v1,82,453.099,success
img_287,detection_v1,rtdetr_det_v1,112,457.840,success
img_288,detection_v1,rtdetr_det_v1,32,465.014,success
img_289,detection_v1,rtdetr_det_v1,43,459.050,success
img_290,detection_v1,rtdetr_det_v1,86,454.116,success
img_291,detection_v1,rtdetr_det_v1,155,458.549,success
img_292,detection_v1,rtdetr_det_v1,119,451.603,success
img_293,detection_v1,rtdetr_det_v1,207,458.140,success
img_294,detection_v1,rtdetr_det_v1,77,451.209,success
img_295,detection_v1,rtdetr_det_v1,145,455.877,success
img_296,detection_v1,rtdetr_det_v1,52,457.684,success
img_297,detection_v1,rtdetr_det_v1,87,455.762,success
img_298,detection_v1,rtdetr_det_v1,180,453.009,success
img_299,detection_v1,rtdetr_det_v1,109,446.949,success
img_300,detection_v1,rtdetr_det_v1,161,455.471,success
img_301,detection_v1,rtdetr_det_v1,56,476.487,success
img_302,detection_v1,rtdetr_det_v1,76,450.316,success
img_303,detection_v1,rtdetr_det_v1,83,454.301,success
img_304,detection_v1,rtdetr_det_v1,166,445.279,success
img_305,detection_v1,rtdetr_det_v1,92,452.509,success
img_306,detection_v1,rtdetr_det_v1,147,449.742,success
img_307,detection_v1,rtdetr_det_v1,160,454.268,success
img_308,detection_v1,rtdetr_det_v1,60,453.457,success
img_309,detection_v1,rtdetr_det_v1,71,462.723,success
img_310,detection_v1,rtdetr_det_v1,102,450.713,success
img_311,detection_v1,rtdetr_det_v1,64,461.039,success
img_312,detection_v1,rtdetr_det_v1,63,455.544,success
img_313,detection_v1,rtdetr_det_v1,42,448.864,success
img_314,detection_v1,rtdetr_det_v1,65,447.084,success
img_315,detection_v1,rtdetr_det_v1,57,450.477,success
img_316,detection_v1,rtdetr_det_v1,232,452.201,success
